position,handedness,name,pitcher,p_throws,lineup_spot,away_team,home_team,status,hours_before,rating,team,month,Over,Under,over_book,under_book,over_rating,under_rating,pred_over,pred_under,under_diff,over_diff,under_pick,over_pick,date
2B,R,Gleyber Torres,Nick Martinez,R,1,DET,TB,away,0,3.3,DET,5,0.098,0.938,CS,CS,0.578,1.41,0.083,0.903,-0.03499999999999992,-0.015,0,0,2026-06-03
SS,L,Kevin McGonigle,Nick Martinez,R,2,DET,TB,away,0,4.48,DET,5,0.103,0.895,MGM,CS,0.76,1.612,0.111,0.881,-0.014000000000000012,0.008000000000000007,0,0,2026-06-03
DH,R,Dillon Dingler,Nick Martinez,R,3,DET,TB,away,0,3.73,DET,5,0.159,0.867,DK,CS,0.695,1.44,0.1,0.9,0.03300000000000003,-0.059,0,0,2026-06-03
RF,L,Kerry Carpenter,Nick Martinez,R,4,DET,TB,away,0,5.19,DET,5,0.19,0.846,CS,CS,0.94,1.715,0.147,0.867,0.02100000000000002,-0.04300000000000001,0,0,2026-06-03
LF,L,Riley Greene,Nick Martinez,R,5,DET,TB,away,0,4.73,DET,5,0.169,0.867,CS,CS,0.853,1.64,0.129,0.877,0.010000000000000009,-0.04000000000000001,0,0,2026-06-03
1B,R,Spencer Torkelson,Nick Martinez,R,6,DET,TB,away,0,4.01,DET,5,0.174,0.861,MGM,CS,0.749,1.491,0.109,0.895,0.03400000000000003,-0.06499999999999999,0,0,2026-06-03
3B,L,Colt Keith,Nick Martinez,R,7,DET,TB,away,0,4.34,DET,5,0.096,0.941,DK,TSB,0.733,1.621,0.106,0.88,-0.06099999999999994,0.009999999999999995,0,0,2026-06-03
CF,R,Matt Vierling,Nick Martinez,R,8,DET,TB,away,0,3.02,DET,5,0.094,0.952,DK,TSB,0.533,1.366,0.077,0.908,-0.04399999999999993,-0.017,0,0,2026-06-03
C,R,Jake Rogers,Nick Martinez,R,9,DET,TB,away,0,3.66,DET,5,0.133,0.923,DK,TSB,0.662,1.47,0.095,0.897,-0.026000000000000023,-0.038000000000000006,0,0,2026-06-03
LF,L,Chandler Simpson,Troy Melton,R,1,DET,TB,home,0,3.1,TB,5,0.043,0.98,MGM,TSB,0.502,1.404,0.073,0.904,-0.07599999999999996,0.03,0,0,2026-06-03
3B,R,Junior Caminero,Troy Melton,R,2,DET,TB,home,0,4.51,TB,5,0.235,0.8,CS,CS,0.876,1.542,0.133,0.889,0.08899999999999997,-0.10199999999999998,1,0,2026-06-03
1B,L,Jonathan Aranda,Troy Melton,R,3,DET,TB,home,0,4.87,TB,5,0.174,0.857,TSB,CS,0.878,1.66,0.134,0.875,0.018000000000000016,-0.03999999999999998,0,0,2026-06-03
DH,R,Yandy Diaz,Troy Melton,R,4,DET,TB,home,0,3.26,TB,5,0.167,0.852,MGM,CS,0.631,1.334,0.09,0.911,0.05900000000000005,-0.07700000000000001,0,0,2026-06-03
2B,L,Richie Palacios,Troy Melton,R,5,DET,TB,home,0,3.52,TB,5,0.091,0.966,TSB,TSB,0.605,1.477,0.086,0.896,-0.06999999999999995,-0.0050000000000000044,0,0,2026-06-03
SS,R,Ben Williamson,Troy Melton,R,6,DET,TB,home,0,2.77,TB,5,0.074,0.972,FD,TSB,0.478,1.332,0.07,0.911,-0.06099999999999994,-0.00399999999999999,0,0,2026-06-03
CF,L,Cedric Mullins,Troy Melton,R,7,DET,TB,home,0,3.41,TB,5,0.133,0.882,MGM,CS,0.625,1.388,0.089,0.906,0.02400000000000002,-0.04400000000000001,0,0,2026-06-03
C,R,Nick Fortes,Troy Melton,R,8,DET,TB,home,0,2.65,TB,5,0.092,0.962,DK,TSB,0.476,1.3,0.07,0.914,-0.04799999999999993,-0.021999999999999992,0,0,2026-06-03
RF,L,Victor Mesa,Troy Melton,R,9,DET,TB,home,0,3.29,TB,5,0.118,0.999,BR,MGM,0.594,1.457,0.085,0.899,-0.09999999999999998,-0.03299999999999999,0,0,2026-06-03
RF,L,Victor Mesa,Troy Melton,R,9,DET,TB,home,0,3.29,TB,5,0.108,0.941,DK,TSB,0.585,1.411,0.083,0.903,-0.03799999999999992,-0.024999999999999994,0,0,2026-06-03
LF,L,Sam Antonacci,Taj Bradley,R,1,CWS,MIN,away,1,5.01,CWS,5,0.086,0.962,DK,TSB,0.825,1.772,0.123,0.859,-0.10299999999999998,0.037000000000000005,0,0,2026-06-03
3B,R,Miguel Vargas,Taj Bradley,R,2,CWS,MIN,away,1,3.83,CWS,5,0.19,0.829,MGM,CS,0.736,1.429,0.107,0.902,0.07300000000000006,-0.083,0,0,2026-06-03
DH,L,Andrew Benintendi,Taj Bradley,R,3,CWS,MIN,away,1,5.01,CWS,5,0.143,0.875,MGM,CS,0.873,1.702,0.133,0.869,-0.006000000000000005,-0.009999999999999981,0,0,2026-06-03
SS,L,Colson Montgomery,Taj Bradley,R,4,CWS,MIN,away,1,5.39,CWS,5,0.213,0.815,DK,CS,0.99,1.73,0.159,0.865,0.050000000000000044,-0.05399999999999999,0,0,2026-06-03
2B,R,Chase Meidroth,Taj Bradley,R,5,CWS,MIN,away,1,3.08,CWS,5,0.087,0.966,BR,TSB,0.536,1.389,0.077,0.906,-0.05999999999999994,-0.009999999999999995,0,0,2026-06-03
CF,L,Tristan Peters,Taj Bradley,R,7,CWS,MIN,away,1,4.45,CWS,5,0.087,0.962,MGM,TSB,0.741,1.66,0.108,0.875,-0.08699999999999997,0.021000000000000005,0,0,2026-06-03
C,S,Drew Romo,Taj Bradley,R,8,CWS,MIN,away,1,4.09,CWS,5,0.111,0.926,CS,CS,0.708,1.559,0.102,0.887,-0.039000000000000035,-0.009000000000000008,0,0,2026-06-03
CF,R,Byron Buxton,Erick Fedde,R,1,CWS,MIN,home,1,5.11,MIN,5,0.267,0.756,BR,CS,0.993,1.627,0.16,0.879,0.123,-0.10700000000000001,0,0,2026-06-03
3B,S,Brooks Lee,Erick Fedde,R,2,CWS,MIN,home,1,4.35,MIN,5,0.123,0.933,FD,TSB,0.757,1.616,0.11,0.88,-0.05300000000000005,-0.012999999999999998,0,0,2026-06-03
LF,L,Trevor Larnach,Erick Fedde,R,3,CWS,MIN,home,1,5.25,MIN,5,0.118,0.92,CS,CS,0.888,1.786,0.136,0.857,-0.06300000000000006,0.018000000000000016,0,0,2026-06-03
DH,S,Josh Bell,Erick Fedde,R,4,CWS,MIN,home,1,4.91,MIN,5,0.167,0.867,MGM,CS,0.878,1.676,0.134,0.873,0.006000000000000005,-0.033,0,0,2026-06-03
RF,R,Austin Martin,Erick Fedde,R,5,CWS,MIN,home,1,3.3,MIN,5,0.074,0.972,MGM,TSB,0.558,1.438,0.08,0.901,-0.07099999999999995,0.006000000000000005,0,0,2026-06-03
C,S,Victor Caratini,Erick Fedde,R,6,CWS,MIN,home,1,2.35,MIN,5,0.109,0.952,FD,TSB,0.445,1.232,0.066,0.92,-0.03199999999999992,-0.043,0,0,2026-06-03
2B,R,Luke Keaschall,Erick Fedde,R,7,CWS,MIN,home,1,3.61,MIN,5,0.082,0.966,FD,TSB,0.611,1.495,0.087,0.894,-0.07199999999999995,0.0049999999999999906,0,0,2026-06-03
SS,L,Tristan Gray,Erick Fedde,R,8,CWS,MIN,home,1,4.16,MIN,5,0.141,0.895,FD,CS,0.744,1.548,0.108,0.888,-0.007000000000000006,-0.03299999999999999,0,0,2026-06-03
1B,R,Orlando Arcia,Erick Fedde,R,9,CWS,MIN,home,1,2.84,MIN,5,0.093,0.962,FD,TSB,0.505,1.338,0.073,0.911,-0.050999999999999934,-0.020000000000000004,0,0,2026-06-03
RF,L,Carson Benge,George Kirby,R,1,NYM,SEA,away,3,3.34,NYM,5,0.098,0.933,FD,CS,0.584,1.414,0.083,0.903,-0.030000000000000027,-0.015,0,0,2026-06-03
SS,R,Bo Bichette,George Kirby,R,2,NYM,SEA,away,3,2.68,NYM,5,0.1,0.931,DK,CS,0.487,1.281,0.071,0.916,-0.015000000000000013,-0.029000000000000012,0,0,2026-06-03
DH,L,Juan Soto,George Kirby,R,3,NYM,SEA,away,3,5.18,NYM,5,0.19,0.815,BR,CS,0.938,1.688,0.147,0.871,0.05600000000000005,-0.04300000000000001,0,0,2026-06-03
1B,L,Jared Young,George Kirby,R,4,NYM,SEA,away,3,3.49,NYM,5,0.116,0.913,FD,CS,0.622,1.428,0.089,0.902,-0.01100000000000001,-0.02700000000000001,0,0,2026-06-03
3B,L,Brett Baty,George Kirby,R,5,NYM,SEA,away,3,4.02,NYM,5,0.1,0.952,DK,TSB,0.688,1.566,0.099,0.886,-0.06599999999999995,-0.0010000000000000009,0,0,2026-06-03
2B,R,Marcus Semien,George Kirby,R,6,NYM,SEA,away,3,2.99,NYM,5,0.103,0.952,DK,TSB,0.536,1.36,0.077,0.908,-0.04399999999999993,-0.025999999999999995,0,0,2026-06-03
LF,L,MJ Melendez,George Kirby,R,8,NYM,SEA,away,3,3.94,NYM,5,0.143,0.896,MGM,FL,0.713,1.505,0.103,0.893,-0.0030000000000000027,-0.039999999999999994,0,0,2026-06-03
C,R,Luis Torrens,George Kirby,R,9,NYM,SEA,away,3,3.22,NYM,5,0.072,0.976,DK,TSB,0.544,1.425,0.078,0.902,-0.07399999999999995,0.006000000000000005,0,0,2026-06-03
SS,L,J.P. Crawford,Freddy Peralta,R,1,NYM,SEA,home,3,4.21,SEA,5,0.118,0.941,BR,TSB,0.732,1.595,0.106,0.883,-0.05799999999999994,-0.011999999999999997,0,0,2026-06-03
CF,R,Julio Rodriguez,Freddy Peralta,R,2,NYM,SEA,home,3,3.93,SEA,5,0.185,0.846,FD,CS,0.747,1.463,0.109,0.898,0.052000000000000046,-0.076,0,0,2026-06-03
1B,L,Josh Naylor,Freddy Peralta,R,3,NYM,SEA,home,3,4.35,SEA,5,0.154,0.882,TSB,CS,0.783,1.576,0.115,0.885,0.0030000000000000027,-0.03899999999999999,0,0,2026-06-03
LF,R,Randy Arozarena,Freddy Peralta,R,4,NYM,SEA,home,3,3.7,SEA,5,0.123,0.913,FD,CS,0.66,1.47,0.094,0.897,-0.016000000000000014,-0.028999999999999998,0,0,2026-06-03
RF,L,Luke Raley,Freddy Peralta,R,5,NYM,SEA,home,3,5.12,SEA,5,0.167,0.846,BR,CS,0.91,1.701,0.141,0.869,0.02300000000000002,-0.026000000000000023,0,0,2026-06-03
2B,L,Cole Young,Freddy Peralta,R,6,NYM,SEA,home,3,4.08,SEA,5,0.087,0.962,MGM,TSB,0.686,1.586,0.099,0.884,-0.07799999999999996,0.01200000000000001,0,0,2026-06-03
DH,L,Dominic Canzone,Freddy Peralta,R,7,NYM,SEA,home,3,4.72,SEA,5,0.16,0.846,MGM,CS,0.844,1.621,0.127,0.88,0.03400000000000003,-0.033,0,0,2026-06-03
C,R,Jhonny Pereda,Freddy Peralta,R,8,NYM,SEA,home,3,3.03,SEA,5,0.087,0.966,MGM,TSB,0.528,1.379,0.076,0.907,-0.05899999999999994,-0.010999999999999996,0,0,2026-06-03
2B,R,Fernando Tatis,Cristopher Sanchez,L,1,SD,PHI,away,6,4.25,SD,5,0.109,0.926,DK,CS,0.73,1.591,0.106,0.883,-0.04300000000000004,-0.0030000000000000027,0,0,2026-06-03
DH,R,Miguel Andujar,Cristopher Sanchez,L,2,SD,PHI,away,6,3.48,SD,5,0.088,0.966,FD,TSB,0.597,1.469,0.085,0.897,-0.06899999999999995,-0.002999999999999989,0,0,2026-06-03
3B,R,Manny Machado,Cristopher Sanchez,L,3,SD,PHI,away,6,4.69,SD,5,0.125,0.905,DK,CS,0.81,1.662,0.12,0.874,-0.031000000000000028,-0.0050000000000000044,0,0,2026-06-03
SS,R,Xander Bogaerts,Cristopher Sanchez,L,4,SD,PHI,away,6,3.76,SD,5,0.085,0.941,DK,CS,0.636,1.505,0.091,0.893,-0.04799999999999993,0.0059999999999999915,0,0,2026-06-03
CF,L,Jackson Merrill,Cristopher Sanchez,L,6,SD,PHI,away,6,3.25,SD,5,0.077,0.972,FD,TSB,0.553,1.428,0.079,0.902,-0.06999999999999995,0.0020000000000000018,0,0,2026-06-03
1B,R,Ty France,Cristopher Sanchez,L,7,SD,PHI,away,6,3.68,SD,5,0.081,0.972,DK,TSB,0.621,1.514,0.089,0.892,-0.07999999999999996,0.007999999999999993,0,0,2026-06-03
C,R,Freddy Fermin,Cristopher Sanchez,L,9,SD,PHI,away,6,3.05,SD,5,0.065,0.976,DK,TSB,0.513,1.391,0.074,0.905,-0.07099999999999995,0.008999999999999994,0,0,2026-06-03
DH,L,Kyle Schwarber,Walker Buehler,R,1,SD,PHI,home,6,7.37,PHI,5,0.252,0.773,DK,CS,1.32,2.092,0.255,0.808,0.03500000000000003,0.0030000000000000027,0,0,2026-06-03
SS,R,Trea Turner,Walker Buehler,R,2,SD,PHI,home,6,4.13,PHI,5,0.127,0.909,DK,CS,0.727,1.553,0.105,0.888,-0.02100000000000002,-0.022000000000000006,0,0,2026-06-03
1B,L,Bryce Harper,Walker Buehler,R,3,SD,PHI,home,6,5.93,PHI,5,0.167,0.857,DK,CS,1.031,1.872,0.169,0.845,-0.01200000000000001,0.0020000000000000018,0,0,2026-06-03
LF,L,Brandon Marsh,Walker Buehler,R,4,SD,PHI,home,6,5.64,PHI,5,0.1,0.926,DK,CS,0.931,1.869,0.145,0.845,-0.08100000000000007,0.044999999999999984,0,0,2026-06-03
3B,R,Alec Bohm,Walker Buehler,R,5,SD,PHI,home,6,3.6,PHI,5,0.095,0.952,DK,TSB,0.621,1.482,0.089,0.896,-0.05599999999999994,-0.006000000000000005,0,0,2026-06-03
2B,L,Bryson Stott,Walker Buehler,R,6,SD,PHI,home,6,5.17,PHI,5,0.104,0.92,DK,CS,0.864,1.77,0.131,0.86,-0.06000000000000005,0.02700000000000001,0,0,2026-06-03
C,R,J.T. Realmuto,Walker Buehler,R,7,SD,PHI,home,6,4.11,PHI,5,0.108,0.92,DK,CS,0.708,1.558,0.102,0.887,-0.03300000000000003,-0.006000000000000005,0,0,2026-06-03
RF,R,Adolis Garcia,Walker Buehler,R,8,SD,PHI,home,6,4.56,PHI,5,0.135,0.9,DK,CS,0.799,1.632,0.118,0.878,-0.02200000000000002,-0.017000000000000015,0,0,2026-06-03
LF,R,Taylor Ward,Payton Tolle,L,1,BAL,BOS,away,6,5.44,BAL,5,0.143,0.895,DK,CS,0.938,1.804,0.147,0.855,-0.040000000000000036,0.0040000000000000036,0,0,2026-06-03
SS,L,Gunnar Henderson,Payton Tolle,L,2,BAL,BOS,away,6,3.64,BAL,5,0.143,0.895,CS,CS,0.668,1.444,0.096,0.9,0.0050000000000000044,-0.046999999999999986,0,0,2026-06-03
C,S,Adley Rutschman,Payton Tolle,L,3,BAL,BOS,away,6,4.32,BAL,5,0.118,0.9,BR,CS,0.748,1.584,0.109,0.884,-0.016000000000000014,-0.008999999999999994,0,0,2026-06-03
DH,R,Pete Alonso,Payton Tolle,L,4,BAL,BOS,away,6,5.74,BAL,5,0.196,0.833,FD,CS,1.028,1.814,0.168,0.853,0.020000000000000018,-0.027999999999999997,0,0,2026-06-03
RF,R,Tyler O'Neill,Payton Tolle,L,5,BAL,BOS,away,6,5.75,BAL,5,0.155,0.87,DK,CS,0.994,1.846,0.16,0.849,-0.02100000000000002,0.0050000000000000044,0,0,2026-06-03
1B,R,Coby Mayo,Payton Tolle,L,6,BAL,BOS,away,6,4.67,BAL,5,0.152,0.882,DK,CS,0.83,1.64,0.124,0.877,-0.0050000000000000044,-0.027999999999999997,0,0,2026-06-03
3B,R,Weston Wilson,Payton Tolle,L,8,BAL,BOS,away,6,4.4,BAL,5,0.125,0.941,TSB,TSB,0.766,1.633,0.112,0.878,-0.06299999999999994,-0.012999999999999998,0,0,2026-06-03
CF,R,Blaze Alexander,Payton Tolle,L,9,BAL,BOS,away,6,3.91,BAL,5,0.098,0.962,FD,TSB,0.67,1.552,0.096,0.888,-0.07399999999999995,-0.0020000000000000018,0,0,2026-06-03
LF,L,Jarren Duran,Chris Bassitt,R,1,BAL,BOS,home,6,4.77,BOS,5,0.16,0.867,BR,CS,0.851,1.648,0.128,0.876,0.009000000000000008,-0.032,0,0,2026-06-03
CF,R,Ceddanne Rafaela,Chris Bassitt,R,2,BAL,BOS,home,6,3.49,BOS,5,0.088,0.952,FD,TSB,0.598,1.46,0.085,0.898,-0.05399999999999994,-0.002999999999999989,0,0,2026-06-03
RF,L,Wilyer Abreu,Chris Bassitt,R,3,BAL,BOS,home,6,5.27,BOS,5,0.167,0.857,DK,CS,0.932,1.74,0.145,0.864,0.007000000000000006,-0.02200000000000002,0,0,2026-06-03
DH,L,Masataka Yoshida,Chris Bassitt,R,5,BAL,BOS,home,6,4.44,BOS,5,0.081,0.962,DK,TSB,0.735,1.658,0.107,0.875,-0.08699999999999997,0.025999999999999995,0,0,2026-06-03
C,S,Mickey Gasper,Chris Bassitt,R,6,BAL,BOS,home,6,3.89,BOS,5,0.093,0.962,DK,TSB,0.663,1.548,0.095,0.888,-0.07399999999999995,0.0020000000000000018,0,0,2026-06-03
2B,R,Isiah Kiner-Falefa,Chris Bassitt,R,7,BAL,BOS,home,6,2.92,BOS,5,0.053,0.98,FD,TSB,0.483,1.368,0.07,0.908,-0.07199999999999995,0.017000000000000008,0,0,2026-06-03
SS,L,Marcelo Mayer,Chris Bassitt,R,8,BAL,BOS,home,6,4.69,BOS,5,0.091,0.952,BR,TSB,0.781,1.7,0.115,0.869,-0.08299999999999996,0.024000000000000007,0,0,2026-06-03
3B,R,Caleb Durbin,Chris Bassitt,R,9,BAL,BOS,home,6,2.99,BOS,5,0.069,0.972,DK,TSB,0.507,1.376,0.073,0.907,-0.06499999999999995,0.00399999999999999,0,0,2026-06-03
2B,L,Travis Bazzana,Gerrit Cole,R,1,CLE,NYY,away,6,3.9,CLE,5,0.106,0.952,DK,TSB,0.675,1.542,0.097,0.889,-0.06299999999999994,-0.008999999999999994,0,0,2026-06-03
3B,S,Jose Ramirez,Gerrit Cole,R,2,CLE,NYY,away,6,4.81,CLE,5,0.18,0.857,CS,CS,0.874,1.648,0.133,0.876,0.019000000000000017,-0.046999999999999986,0,0,2026-06-03
DH,L,Chase DeLauter,Gerrit Cole,R,3,CLE,NYY,away,6,4.68,CLE,5,0.148,0.889,CS,CS,0.828,1.647,0.124,0.876,-0.013000000000000012,-0.023999999999999994,0,0,2026-06-03
1B,L,Kyle Manzardo,Gerrit Cole,R,4,CLE,NYY,away,6,5.18,CLE,5,0.172,0.861,DK,CS,0.923,1.725,0.143,0.866,0.0050000000000000044,-0.028999999999999998,0,0,2026-06-03
RF,S,Angel Martinez,Gerrit Cole,R,5,CLE,NYY,away,6,4.23,CLE,5,0.154,0.882,TSB,CS,0.765,1.552,0.112,0.888,0.006000000000000005,-0.041999999999999996,0,0,2026-06-03
CF,L,Daniel Schneemann,Gerrit Cole,R,6,CLE,NYY,away,6,5.15,CLE,5,0.112,0.941,DK,TSB,0.868,1.783,0.132,0.858,-0.08299999999999996,0.020000000000000004,0,0,2026-06-03
LF,L,Steven Kwan,Gerrit Cole,R,7,CLE,NYY,away,6,4.16,CLE,5,0.057,0.98,DK,TSB,0.672,1.616,0.096,0.88,-0.09999999999999998,0.039,0,0,2026-06-03
C,S,Patrick Bailey,Gerrit Cole,R,8,CLE,NYY,away,6,4.38,CLE,5,0.091,0.966,TSB,TSB,0.734,1.649,0.106,0.876,-0.08999999999999997,0.015,0,0,2026-06-03
SS,S,Brayan Rocchio,Gerrit Cole,R,9,CLE,NYY,away,6,3.82,CLE,5,0.083,0.966,DK,TSB,0.644,1.537,0.092,0.89,-0.07599999999999996,0.008999999999999994,0,0,2026-06-03
CF,L,Trent Grisham,Gavin Williams,R,1,CLE,NYY,home,6,5.51,NYY,5,0.18,0.857,CS,CS,0.979,1.788,0.156,0.857,0.0,-0.023999999999999994,0,0,2026-06-03
DH,L,Ben Rice,Gavin Williams,R,2,CLE,NYY,home,6,5.4,NYY,5,0.211,0.815,TSB,CS,0.989,1.732,0.159,0.865,0.050000000000000044,-0.05199999999999999,0,0,2026-06-03
LF,L,Cody Bellinger,Gavin Williams,R,4,CLE,NYY,home,6,4.85,NYY,5,0.161,0.875,FD,CS,0.864,1.67,0.131,0.873,-0.0020000000000000018,-0.03,0,0,2026-06-03
2B,L,Jazz Chisholm,Gavin Williams,R,5,CLE,NYY,home,6,5.48,NYY,5,0.169,0.867,CS,CS,0.966,1.79,0.153,0.857,-0.010000000000000009,-0.016000000000000014,0,0,2026-06-03
1B,R,Paul Goldschmidt,Gavin Williams,R,6,CLE,NYY,home,6,3.95,NYY,5,0.125,0.9,TSB,CS,0.699,1.51,0.101,0.893,-0.007000000000000006,-0.023999999999999994,0,0,2026-06-03
3B,L,Ryan McMahon,Gavin Williams,R,7,CLE,NYY,home,6,5.25,NYY,5,0.143,0.889,DK,CS,0.909,1.761,0.14,0.861,-0.028000000000000025,-0.002999999999999975,0,0,2026-06-03
C,L,Austin Wells,Gavin Williams,R,8,CLE,NYY,home,6,5.2,NYY,5,0.16,0.9,MGM,TSB,0.916,1.76,0.142,0.861,-0.039000000000000035,-0.018000000000000016,0,0,2026-06-03
SS,R,Jose Caballero,Gavin Williams,R,9,CLE,NYY,home,6,3.41,NYY,5,0.076,0.976,DK,TSB,0.576,1.463,0.082,0.898,-0.07799999999999996,0.006000000000000005,0,0,2026-06-03
DH,L,Carter Jensen,Chase Burns,R,1,KC,CIN,away,6,7.3,KC,5,0.182,0.84,MGM,CS,1.25,2.132,0.232,0.8,-0.039999999999999925,0.05000000000000002,0,1,2026-06-03
SS,R,Bobby Witt,Chase Burns,R,2,KC,CIN,away,6,5.62,KC,5,0.206,0.829,CS,CS,1.018,1.787,0.166,0.857,0.028000000000000025,-0.03999999999999998,0,0,2026-06-03
1B,L,Vinnie Pasquantino,Chase Burns,R,3,KC,CIN,away,6,5.93,KC,5,0.171,0.857,DK,CS,1.035,1.872,0.17,0.845,-0.01200000000000001,-0.0010000000000000009,0,0,2026-06-03
C,R,Salvador Perez,Chase Burns,R,4,KC,CIN,away,6,5.54,KC,5,0.182,0.852,TSB,CS,0.986,1.79,0.158,0.857,0.0050000000000000044,-0.023999999999999994,0,0,2026-06-03
RF,L,Jac Caglianone,Chase Burns,R,5,KC,CIN,away,6,6.65,KC,5,0.167,0.846,MGM,CS,1.139,2.007,0.198,0.823,-0.02300000000000002,0.031,0,1,2026-06-03
LF,S,Isaac Collins,Chase Burns,R,6,KC,CIN,away,6,4.89,KC,5,0.111,0.949,TSB,FL,0.828,1.737,0.124,0.864,-0.08499999999999996,0.012999999999999998,0,0,2026-06-03
2B,L,Michael Massey,Chase Burns,R,7,KC,CIN,away,6,5.62,KC,5,0.135,0.923,DK,TSB,0.958,1.862,0.151,0.846,-0.07700000000000007,0.015999999999999986,0,0,2026-06-03
3B,R,Nick Loftin,Chase Burns,R,8,KC,CIN,away,6,4.11,KC,5,0.088,0.966,FD,TSB,0.691,1.595,0.099,0.883,-0.08299999999999996,0.01100000000000001,0,0,2026-06-03
CF,L,Kyle Isbel,Chase Burns,R,9,KC,CIN,away,6,5.02,KC,5,0.091,0.966,TSB,TSB,0.83,1.777,0.124,0.859,-0.10699999999999998,0.033,0,0,2026-06-03
RF,R,Blake Dunn,Stephen Kolek,R,1,KC,CIN,home,6,4.41,CIN,5,0.111,0.943,TSB,FL,0.756,1.636,0.11,0.878,-0.06499999999999995,-0.0010000000000000009,0,0,2026-06-03
LF,L,JJ Bleday,Stephen Kolek,R,2,KC,CIN,home,6,5.22,CIN,5,0.227,0.792,BR,CS,0.976,1.678,0.156,0.872,0.07999999999999996,-0.07100000000000001,0,0,2026-06-03
3B,R,Sal Stewart,Stephen Kolek,R,3,KC,CIN,home,6,3.74,CIN,5,0.188,0.846,DK,CS,0.721,1.425,0.104,0.902,0.05600000000000005,-0.084,0,0,2026-06-03
DH,R,Eugenio Suarez,Stephen Kolek,R,4,KC,CIN,home,6,4.62,CIN,5,0.196,0.84,FD,CS,0.86,1.596,0.13,0.883,0.04300000000000004,-0.066,0,0,2026-06-03
1B,L,Nathaniel Lowe,Stephen Kolek,R,5,KC,CIN,home,6,4.66,CIN,5,0.167,0.867,BR,CS,0.841,1.626,0.126,0.879,0.01200000000000001,-0.04100000000000001,0,0,2026-06-03
2B,R,Spencer Steer,Stephen Kolek,R,6,KC,CIN,home,6,4.12,CIN,5,0.148,0.889,CS,CS,0.744,1.535,0.108,0.89,0.0010000000000000009,-0.039999999999999994,0,0,2026-06-03
C,R,Tyler Stephenson,Stephen Kolek,R,7,KC,CIN,home,6,4.46,CIN,5,0.148,0.923,DK,TSB,0.795,1.63,0.117,0.878,-0.04500000000000004,-0.030999999999999986,0,0,2026-06-03
CF,L,TJ Friedl,Stephen Kolek,R,9,KC,CIN,home,6,4.07,CIN,5,0.122,0.968,FL,FL,0.714,1.588,0.103,0.884,-0.08399999999999996,-0.019000000000000003,0,0,2026-06-03
DH,R,George Springer,Grant Holmes,R,1,TOR,ATL,away,6,4.23,TOR,5,0.154,0.882,CS,CS,0.765,1.552,0.112,0.888,0.006000000000000005,-0.041999999999999996,0,0,2026-06-03
LF,L,Nathan Lukes,Grant Holmes,R,2,TOR,ATL,away,6,4.91,TOR,5,0.088,0.966,FD,TSB,0.811,1.755,0.12,0.862,-0.10399999999999998,0.032,0,0,2026-06-03
1B,R,Vladimir Guerrero,Grant Holmes,R,3,TOR,ATL,away,6,4.05,TOR,5,0.154,0.882,TSB,CS,0.738,1.516,0.107,0.892,0.010000000000000009,-0.047,0,0,2026-06-03
CF,L,Daulton Varsho,Grant Holmes,R,4,TOR,ATL,away,6,5.43,TOR,5,0.132,0.9,DK,TSB,0.927,1.806,0.144,0.855,-0.04500000000000004,0.011999999999999983,0,0,2026-06-03
3B,R,Kazuma Okamoto,Grant Holmes,R,5,TOR,ATL,away,6,4.37,TOR,5,0.161,0.875,FD,CS,0.792,1.574,0.117,0.885,0.010000000000000009,-0.044,0,0,2026-06-03
RF,L,Jesus Sanchez,Grant Holmes,R,6,TOR,ATL,away,6,5.47,TOR,5,0.133,0.999,MGM,NA,0.934,1.893,0.146,0.841,-0.15800000000000003,0.012999999999999984,0,0,2026-06-03
2B,R,Ernie Clement,Grant Holmes,R,7,TOR,ATL,away,6,3.01,TOR,5,0.082,0.962,DK,TSB,0.521,1.372,0.075,0.907,-0.05499999999999994,-0.007000000000000006,0,0,2026-06-03
SS,L,Andres Gimenez,Grant Holmes,R,8,TOR,ATL,away,6,3.79,TOR,5,0.082,0.966,FD,TSB,0.638,1.531,0.091,0.89,-0.07599999999999996,0.008999999999999994,0,0,2026-06-03
C,S,Brandon Valenzuela,Grant Holmes,R,9,TOR,ATL,away,6,3.7,TOR,5,0.089,0.962,DK,TSB,0.631,1.51,0.09,0.893,-0.06899999999999995,0.0010000000000000009,0,0,2026-06-03
DH,R,Ronald Acuna,Patrick Corbin,L,1,TOR,ATL,home,6,5.1,ATL,5,0.161,0.861,FD,CS,0.902,1.709,0.139,0.868,0.007000000000000006,-0.021999999999999992,0,0,2026-06-03
LF,R,Mauricio Dubon,Patrick Corbin,L,2,TOR,ATL,home,6,4.19,ATL,5,0.091,0.966,MGM,TSB,0.706,1.611,0.102,0.881,-0.08499999999999996,0.010999999999999996,0,0,2026-06-03
1B,L,Matt Olson,Patrick Corbin,L,3,TOR,ATL,home,6,5.02,ATL,5,0.169,0.861,FD,CS,0.897,1.693,0.138,0.87,0.009000000000000008,-0.031,0,0,2026-06-03
2B,S,Ozzie Albies,Patrick Corbin,L,4,TOR,ATL,home,6,4.53,ATL,5,0.116,0.92,FD,CS,0.778,1.642,0.114,0.877,-0.04300000000000004,-0.0020000000000000018,0,0,2026-06-03
3B,R,Austin Riley,Patrick Corbin,L,5,TOR,ATL,home,6,5.44,ATL,5,0.141,0.889,FD,TSB,0.936,1.799,0.146,0.856,-0.03300000000000003,0.0050000000000000044,0,0,2026-06-03
CF,L,Michael Harris II,Patrick Corbin,L,7,TOR,ATL,home,6,1.68,ATL,5,0.149,0.882,FD,CS,0.379,1.042,0.059,0.935,0.05300000000000005,-0.09,0,0,2026-06-03
SS,R,Jorge Mateo,Patrick Corbin,L,8,TOR,ATL,home,6,4.68,ATL,5,0.111,0.92,MGM,CS,0.796,1.672,0.118,0.873,-0.04700000000000004,0.006999999999999992,0,0,2026-06-03
LF,R,Casey Schmitt,Coleman Crow,R,1,SF,MIL,away,7,4.75,SF,5,0.182,0.879,TSB,FL,0.867,1.653,0.131,0.876,-0.0030000000000000027,-0.05099999999999999,0,0,2026-06-03
1B,L,Rafael Devers,Coleman Crow,R,2,SF,MIL,away,7,6.24,SF,5,0.196,0.857,FD,TSB,1.103,1.934,0.188,0.835,-0.02200000000000002,-0.008000000000000007,0,0,2026-06-03
2B,L,Luis Arraez,Coleman Crow,R,3,SF,MIL,away,7,4.37,SF,5,0.068,0.976,DK,TSB,0.713,1.655,0.103,0.875,-0.10099999999999998,0.03499999999999999,0,0,2026-06-03
SS,R,Willy Adames,Coleman Crow,R,4,SF,MIL,away,7,5.17,SF,5,0.174,0.889,TSB,TSB,0.923,1.745,0.143,0.863,-0.026000000000000023,-0.031,0,0,2026-06-03
RF,L,Jung Hoo Lee,Coleman Crow,R,5,SF,MIL,away,7,4.69,SF,5,0.077,0.966,FD,TSB,0.769,1.711,0.113,0.868,-0.09799999999999998,0.036000000000000004,0,0,2026-06-03
3B,R,Matt Chapman,Coleman Crow,R,6,SF,MIL,away,7,4.53,SF,5,0.135,0.923,DK,TSB,0.794,1.644,0.117,0.877,-0.04600000000000004,-0.018000000000000002,0,0,2026-06-03
DH,L,Bryce Eldridge,Coleman Crow,R,7,SF,MIL,away,7,5.03,SF,5,0.137,0.923,DK,TSB,0.871,1.744,0.132,0.863,-0.06000000000000005,-0.0050000000000000044,0,0,2026-06-03
C,R,Daniel Susac,Coleman Crow,R,8,SF,MIL,away,7,4.54,SF,5,0.091,0.966,TSB,TSB,0.758,1.681,0.111,0.872,-0.09399999999999997,0.020000000000000004,0,0,2026-06-03
CF,L,Drew Gilbert,Coleman Crow,R,9,SF,MIL,away,7,4.39,SF,5,0.091,0.966,TSB,TSB,0.736,1.651,0.107,0.876,-0.08999999999999997,0.016,0,0,2026-06-03
DH,L,Christian Yelich,Logan Webb,R,1,SF,MIL,home,7,4.53,MIL,5,0.123,0.913,FD,CS,0.784,1.636,0.115,0.878,-0.03500000000000003,-0.007999999999999993,0,0,2026-06-03
LF,R,Jackson Chourio,Logan Webb,R,2,SF,MIL,home,7,3.7,MIL,5,0.149,0.875,FD,CS,0.682,1.44,0.098,0.9,0.025000000000000022,-0.05099999999999999,0,0,2026-06-03
2B,L,Brice Turang,Logan Webb,R,3,SF,MIL,home,7,4.44,MIL,5,0.111,0.913,TSB,CS,0.76,1.618,0.111,0.88,-0.03300000000000003,0.0,0,0,2026-06-03
C,R,William Contreras,Logan Webb,R,4,SF,MIL,home,7,3.31,MIL,5,0.12,0.909,FD,CS,0.598,1.389,0.085,0.906,-0.0030000000000000027,-0.03499999999999999,0,0,2026-06-03
1B,L,Jake Bauers,Logan Webb,R,5,SF,MIL,home,7,4.89,MIL,5,0.149,0.882,FD,TSB,0.86,1.684,0.13,0.872,-0.010000000000000009,-0.01899999999999999,0,0,2026-06-03
CF,L,Garrett Mitchell,Logan Webb,R,6,SF,MIL,home,7,5.1,MIL,5,0.111,0.941,MGM,TSB,0.859,1.773,0.13,0.859,-0.08199999999999996,0.019000000000000003,0,0,2026-06-03
3B,S,Luis Rengifo,Logan Webb,R,7,SF,MIL,home,7,3.32,MIL,5,0.077,0.972,FD,TSB,0.563,1.442,0.081,0.9,-0.07199999999999995,0.0040000000000000036,0,0,2026-06-03
RF,L,Sal Frelick,Logan Webb,R,8,SF,MIL,home,7,3.66,MIL,5,0.071,0.976,FD,TSB,0.609,1.513,0.087,0.892,-0.08399999999999996,0.016,0,0,2026-06-03
SS,L,David Hamilton,Logan Webb,R,9,SF,MIL,home,7,4.27,MIL,5,0.077,0.976,FD,TSB,0.706,1.635,0.102,0.878,-0.09799999999999998,0.024999999999999994,0,0,2026-06-03
DH,L,Joc Pederson,Andre Pallante,R,1,TEX,STL,away,7,5.18,TEX,5,0.123,0.9,FD,CS,0.882,1.756,0.135,0.862,-0.038000000000000034,0.01200000000000001,0,0,2026-06-03
3B,R,Josh Jung,Andre Pallante,R,2,TEX,STL,away,7,3.49,TEX,5,0.092,0.938,DK,CS,0.602,1.448,0.086,0.9,-0.03799999999999992,-0.006000000000000005,0,0,2026-06-03
RF,L,Brandon Nimmo,Andre Pallante,R,3,TEX,STL,away,7,4.52,TEX,5,0.11,0.917,DK,CS,0.772,1.638,0.113,0.877,-0.040000000000000036,0.0030000000000000027,0,0,2026-06-03
1B,R,Jake Burger,Andre Pallante,R,4,TEX,STL,away,7,4.29,TEX,5,0.141,0.889,DK,CS,0.763,1.569,0.112,0.886,-0.0030000000000000027,-0.028999999999999984,0,0,2026-06-03
SS,R,Ezequiel Duran,Andre Pallante,R,5,TEX,STL,away,7,3.31,TEX,5,0.07,0.972,DK,TSB,0.556,1.44,0.08,0.9,-0.07199999999999995,0.009999999999999995,0,0,2026-06-03
LF,L,Alejandro Osuna,Andre Pallante,R,6,TEX,STL,away,7,4.63,TEX,5,0.067,0.972,FD,TSB,0.751,1.704,0.109,0.869,-0.10299999999999998,0.041999999999999996,0,0,2026-06-03
CF,L,Evan Carter,Andre Pallante,R,7,TEX,STL,away,7,4.63,TEX,5,0.082,0.962,FD,TSB,0.764,1.696,0.112,0.87,-0.09199999999999997,0.03,0,0,2026-06-03
C,R,Danny Jansen,Andre Pallante,R,8,TEX,STL,away,7,3.81,TEX,5,0.099,0.933,DK,CS,0.656,1.508,0.094,0.893,-0.040000000000000036,-0.0050000000000000044,0,0,2026-06-03
2B,L,Nicky Lopez,Andre Pallante,R,9,TEX,STL,away,7,4.08,TEX,5,0.032,0.99,MGM,TSB,0.639,1.608,0.091,0.881,-0.10899999999999999,0.059,0,0,2026-06-03
2B,L,JJ Wetherholt,MacKenzie Gore,L,1,TEX,STL,home,7,4.41,STL,5,0.12,0.909,DK,CS,0.764,1.609,0.112,0.881,-0.028000000000000025,-0.007999999999999993,0,0,2026-06-03
DH,R,Ivan Herrera,MacKenzie Gore,L,2,TEX,STL,home,7,5.21,STL,5,0.125,0.905,TSB,CS,0.888,1.766,0.136,0.86,-0.04500000000000004,0.01100000000000001,0,0,2026-06-03
RF,R,Jordan Walker,MacKenzie Gore,L,3,TEX,STL,home,7,4.93,STL,5,0.169,0.857,FD,CS,0.883,1.672,0.135,0.873,0.016000000000000014,-0.034,0,0,2026-06-03
LF,R,Nelson Velazquez,MacKenzie Gore,L,4,TEX,STL,home,7,4.8,STL,5,0.163,0.999,DK,MGM,0.859,1.759,0.13,0.861,-0.138,-0.033,0,0,2026-06-03
1B,L,Alec Burleson,MacKenzie Gore,L,5,TEX,STL,home,7,3.7,STL,5,0.12,0.913,DK,CS,0.657,1.47,0.094,0.897,-0.016000000000000014,-0.025999999999999995,0,0,2026-06-03
SS,R,Masyn Winn,MacKenzie Gore,L,6,TEX,STL,home,7,4.22,STL,5,0.082,0.962,DK,TSB,0.703,1.614,0.101,0.88,-0.08199999999999996,0.019000000000000003,0,0,2026-06-03
3B,R,Jose Fermin,MacKenzie Gore,L,7,TEX,STL,home,7,4.24,STL,5,0.079,0.966,DK,TSB,0.703,1.621,0.101,0.88,-0.08599999999999997,0.022000000000000006,0,0,2026-06-03
C,R,Pedro Pages,MacKenzie Gore,L,8,TEX,STL,home,7,4.0,STL,5,0.111,0.952,TSB,TSB,0.694,1.562,0.1,0.887,-0.06499999999999995,-0.010999999999999996,0,0,2026-06-03
RF,L,Carlos Cortes,Colin Rea,R,1,ATH,CHC,away,7,5.55,ATH,5,0.121,0.917,MGM,CS,0.935,1.844,0.146,0.849,-0.06800000000000006,0.024999999999999994,0,0,2026-06-03
1B,L,Nick Kurtz,Colin Rea,R,2,ATH,CHC,away,7,5.96,ATH,5,0.223,0.8,DK,CS,1.084,1.832,0.183,0.851,0.050999999999999934,-0.04000000000000001,0,0,2026-06-03
C,R,Shea Langeliers,Colin Rea,R,3,ATH,CHC,away,7,4.75,ATH,5,0.238,0.792,FD,CS,0.915,1.584,0.142,0.884,0.09199999999999997,-0.096,0,0,2026-06-03
LF,L,Tyler Soderstrom,Colin Rea,R,4,ATH,CHC,away,7,5.05,ATH,5,0.141,0.889,DK,CS,0.877,1.721,0.134,0.867,-0.02200000000000002,-0.0069999999999999785,0,0,2026-06-03
DH,R,Brent Rooker,Colin Rea,R,5,ATH,CHC,away,7,5.35,ATH,5,0.16,0.857,BR,CS,0.938,1.756,0.147,0.862,0.0050000000000000044,-0.013000000000000012,0,0,2026-06-03
2B,L,Jeff McNeil,Colin Rea,R,7,ATH,CHC,away,7,4.18,ATH,5,0.074,0.966,FD,TSB,0.69,1.609,0.099,0.881,-0.08499999999999996,0.02500000000000001,0,0,2026-06-03
3B,R,Zack Gelof,Colin Rea,R,8,ATH,CHC,away,7,4.2,ATH,5,0.125,0.913,CS,CS,0.736,1.57,0.107,0.886,-0.027000000000000024,-0.018000000000000002,0,0,2026-06-03
SS,R,Darell Hernaiz,Colin Rea,R,9,ATH,CHC,away,7,3.35,ATH,5,0.065,0.972,DK,TSB,0.558,1.448,0.08,0.9,-0.07199999999999995,0.015,0,0,2026-06-03
2B,R,Nico Hoerner,Jeffrey Springs,L,1,ATH,CHC,home,7,4.24,CHC,5,0.093,0.962,DK,TSB,0.715,1.618,0.103,0.88,-0.08199999999999996,0.009999999999999995,0,0,2026-06-03
CF,L,Pete Crow-Armstrong,Jeffrey Springs,L,2,ATH,CHC,home,7,4.36,CHC,5,0.164,0.861,BR,CS,0.793,1.561,0.117,0.887,0.026000000000000023,-0.047,0,0,2026-06-03
3B,R,Alex Bregman,Jeffrey Springs,L,3,ATH,CHC,home,7,4.8,CHC,5,0.153,0.882,DK,CS,0.85,1.666,0.128,0.874,-0.008000000000000007,-0.024999999999999994,0,0,2026-06-03
RF,R,Seiya Suzuki,Jeffrey Springs,L,4,ATH,CHC,home,7,5.59,CHC,5,0.182,0.852,TSB,CS,0.993,1.8,0.16,0.855,0.0030000000000000027,-0.021999999999999992,0,0,2026-06-03
LF,S,Ian Happ,Jeffrey Springs,L,5,ATH,CHC,home,7,4.92,CHC,5,0.156,0.861,BR,CS,0.871,1.673,0.132,0.873,0.01200000000000001,-0.023999999999999994,0,0,2026-06-03
C,R,Carson Kelly,Jeffrey Springs,L,6,ATH,CHC,home,7,4.86,CHC,5,0.154,0.923,TSB,TSB,0.86,1.71,0.13,0.868,-0.05500000000000005,-0.023999999999999994,0,0,2026-06-03
1B,L,Michael Busch,Jeffrey Springs,L,7,ATH,CHC,home,7,4.49,CHC,5,0.141,0.895,FD,CS,0.793,1.614,0.117,0.88,-0.015000000000000013,-0.02399999999999998,0,0,2026-06-03
DH,R,Miguel Amaya,Jeffrey Springs,L,8,ATH,CHC,home,7,4.46,CHC,5,0.105,0.952,DK,TSB,0.758,1.654,0.111,0.875,-0.07699999999999996,0.006000000000000005,0,0,2026-06-03
SS,R,Dansby Swanson,Jeffrey Springs,L,9,ATH,CHC,home,7,5.03,CHC,5,0.141,0.889,FD,CS,0.874,1.717,0.133,0.867,-0.02200000000000002,-0.00799999999999998,0,0,2026-06-03
1B,L,Spencer Horwitz,Spencer Arrighetti,R,1,PIT,HOU,away,7,5.14,PIT,5,0.127,0.905,DK,CS,0.879,1.752,0.134,0.862,-0.04300000000000004,0.007000000000000006,0,0,2026-06-03
2B,L,Brandon Lowe,Spencer Arrighetti,R,2,PIT,HOU,away,7,5.35,PIT,5,0.204,0.818,FD,CS,0.976,1.724,0.156,0.866,0.04800000000000004,-0.04799999999999999,0,0,2026-06-03
RF,S,Bryan Reynolds,Spencer Arrighetti,R,3,PIT,HOU,away,7,4.17,PIT,5,0.123,0.9,FD,CS,0.73,1.554,0.106,0.888,-0.01200000000000001,-0.017,0,0,2026-06-03
DH,L,Ryan O'Hearn,Spencer Arrighetti,R,4,PIT,HOU,away,7,4.61,PIT,5,0.135,0.889,DK,CS,0.806,1.633,0.119,0.878,-0.01100000000000001,-0.016000000000000014,0,0,2026-06-03
3B,R,Nick Gonzales,Spencer Arrighetti,R,5,PIT,HOU,away,7,2.76,PIT,5,0.092,0.962,DK,TSB,0.492,1.322,0.072,0.912,-0.04999999999999993,-0.020000000000000004,0,0,2026-06-03
CF,L,Oneil Cruz,Spencer Arrighetti,R,6,PIT,HOU,away,7,5.67,PIT,5,0.208,0.8,MGM,CS,1.027,1.774,0.168,0.859,0.05899999999999994,-0.03999999999999998,0,0,2026-06-03
LF,S,Jake Mangum,Spencer Arrighetti,R,8,PIT,HOU,away,7,3.63,PIT,5,0.056,0.98,MGM,TSB,0.592,1.51,0.084,0.893,-0.08699999999999997,0.028000000000000004,0,0,2026-06-03
SS,R,Jared Triolo,Spencer Arrighetti,R,9,PIT,HOU,away,7,3.48,PIT,5,0.085,0.962,DK,TSB,0.594,1.466,0.085,0.898,-0.06399999999999995,0.0,0,0,2026-06-03
SS,R,Jeremy Pena,Paul Skenes,R,1,PIT,HOU,home,7,3.49,HOU,5,0.097,0.952,DK,TSB,0.606,1.46,0.086,0.898,-0.05399999999999994,-0.01100000000000001,0,0,2026-06-03
DH,L,Yordan Alvarez,Paul Skenes,R,2,PIT,HOU,home,7,5.59,HOU,5,0.244,0.783,MGM,CS,1.046,1.744,0.173,0.863,0.07999999999999996,-0.07100000000000001,0,0,2026-06-03
1B,R,Christian Walker,Paul Skenes,R,3,PIT,HOU,home,7,4.63,HOU,5,0.169,0.861,FD,CS,0.838,1.615,0.126,0.88,0.019000000000000017,-0.04300000000000001,0,0,2026-06-03
3B,R,Isaac Paredes,Paul Skenes,R,4,PIT,HOU,home,7,4.21,HOU,5,0.127,0.909,DK,CS,0.739,1.569,0.107,0.886,-0.02300000000000002,-0.020000000000000004,0,0,2026-06-03
LF,L,Taylor Trammell,Paul Skenes,R,5,PIT,HOU,home,7,5.21,HOU,5,0.094,0.926,DK,CS,0.861,1.783,0.13,0.858,-0.06800000000000006,0.036000000000000004,0,0,2026-06-03
RF,R,Cam Smith,Paul Skenes,R,6,PIT,HOU,home,7,3.71,HOU,5,0.099,0.933,DK,CS,0.641,1.488,0.092,0.895,-0.038000000000000034,-0.007000000000000006,0,0,2026-06-03
CF,R,Jake Meyers,Paul Skenes,R,7,PIT,HOU,home,7,3.52,HOU,5,0.08,0.972,BR,TSB,0.596,1.482,0.085,0.896,-0.07599999999999996,0.0050000000000000044,0,0,2026-06-03
2B,R,Brice Matthews,Paul Skenes,R,8,PIT,HOU,home,7,4.09,HOU,5,0.1,0.962,TSB,TSB,0.698,1.588,0.1,0.884,-0.07799999999999996,0.0,0,0,2026-06-03
C,R,Christian Vazquez,Paul Skenes,R,9,PIT,HOU,home,7,3.45,HOU,5,0.077,0.976,MGM,TSB,0.583,1.471,0.083,0.897,-0.07899999999999996,0.006000000000000005,0,0,2026-06-03
CF,L,Jake McCarthy,Walbert Urena,R,1,COL,LAA,away,9,4.84,COL,5,0.091,0.966,TSB,TSB,0.803,1.741,0.119,0.864,-0.10199999999999998,0.027999999999999997,0,0,2026-06-03
RF,R,Tyler Freeman,Walbert Urena,R,2,COL,LAA,away,9,3.14,COL,5,0.074,0.976,FD,TSB,0.534,1.409,0.077,0.904,-0.07199999999999995,0.0030000000000000027,0,0,2026-06-03
1B,L,TJ Rumfield,Walbert Urena,R,3,COL,LAA,away,9,5.23,COL,5,0.112,0.923,FD,CS,0.88,1.784,0.134,0.858,-0.06500000000000006,0.022000000000000006,0,0,2026-06-03
C,R,Hunter Goodman,Walbert Urena,R,4,COL,LAA,away,9,4.73,COL,5,0.199,0.833,DK,CS,0.879,1.612,0.134,0.881,0.04800000000000004,-0.065,0,0,2026-06-03
LF,L,Troy Johnston,Walbert Urena,R,5,COL,LAA,away,9,4.52,COL,5,0.098,0.962,FD,TSB,0.761,1.674,0.111,0.873,-0.08899999999999997,0.012999999999999998,0,0,2026-06-03
2B,S,Willi Castro,Walbert Urena,R,6,COL,LAA,away,9,4.03,COL,5,0.109,0.92,FD,CS,0.697,1.542,0.1,0.889,-0.031000000000000028,-0.008999999999999994,0,0,2026-06-03
SS,R,Ezequiel Tovar,Walbert Urena,R,7,COL,LAA,away,9,3.98,COL,5,0.109,0.952,FD,TSB,0.69,1.558,0.099,0.887,-0.06499999999999995,-0.009999999999999995,0,0,2026-06-03
3B,R,Kyle Karros,Walbert Urena,R,9,COL,LAA,away,9,3.13,COL,5,0.077,0.972,FD,TSB,0.535,1.404,0.077,0.904,-0.06799999999999995,0.0,0,0,2026-06-03
SS,R,Zach Neto,Michael Lorenzen,R,1,COL,LAA,home,9,4.68,LAA,5,0.19,0.84,TSB,CS,0.863,1.608,0.131,0.881,0.041000000000000036,-0.059,0,0,2026-06-03
CF,R,Mike Trout,Michael Lorenzen,R,2,COL,LAA,home,9,5.58,LAA,5,0.235,0.8,CS,CS,1.037,1.756,0.17,0.862,0.061999999999999944,-0.06499999999999997,0,0,2026-06-03
1B,R,Vaughn Grissom,Michael Lorenzen,R,3,COL,LAA,home,9,4.0,LAA,5,0.123,0.941,FD,TSB,0.705,1.553,0.102,0.888,-0.052999999999999936,-0.021000000000000005,0,0,2026-06-03
DH,R,Jorge Soler,Michael Lorenzen,R,4,COL,LAA,home,9,4.7,LAA,5,0.182,0.84,TSB,CS,0.86,1.612,0.13,0.881,0.041000000000000036,-0.05199999999999999,0,0,2026-06-03
LF,L,Wade Meckler,Michael Lorenzen,R,5,COL,LAA,home,9,4.58,LAA,5,0.111,0.951,TSB,FL,0.781,1.677,0.115,0.872,-0.07899999999999996,0.0040000000000000036,0,0,2026-06-03
RF,R,Jo Adell,Michael Lorenzen,R,6,COL,LAA,home,9,2.01,LAA,5,0.196,0.836,FD,CS,0.468,1.071,0.069,0.933,0.09700000000000009,-0.127,1,0,2026-06-03
2B,R,Oswald Peraza,Michael Lorenzen,R,7,COL,LAA,home,9,3.52,LAA,5,0.125,0.905,TSB,CS,0.634,1.428,0.09,0.902,-0.0030000000000000027,-0.035,0,0,2026-06-03
C,R,Logan O'Hoppe,Michael Lorenzen,R,9,COL,LAA,home,9,4.45,LAA,5,0.145,0.889,FD,CS,0.791,1.601,0.117,0.882,-0.007000000000000006,-0.027999999999999983,0,0,2026-06-03
