"last_name, first_name","player_id","year","pa"
"Butler, Lawrence",671732,2023,129
"Fermin, Freddy",666023,2024,368
"Hosmer, Eric",543333,2023,100
"Tapia, Raimel",606132,2023,169
"Donovan, Brendan",680977,2023,371
"Dunn, Blake",694362,2024,29
"Clemens, Kody",665019,2026,191
"Workman, Gage",669398,2025,17
"Mitchell, Garrett",669003,2023,73
"Meadows, Parker",678009,2023,145
"Williams, Alika",675961,2026,14
"Kayfus, CJ",692216,2025,138
"Troy, Tommy",694371,2026,32
"Allen, Nick",669397,2026,61
"Benson, Will",666181,2025,253
"Maldonado, Martín",455117,2025,161
"Bauers, Jake",641343,2023,272
"Santana, Carlos",467793,2026,26
"Díaz, Aledmys",649557,2023,344
"Lowe, Josh",666139,2025,435
"Cowser, Colton",681297,2026,130
"Candelario, Jeimer",600869,2025,91
"Moncada, Yoán",660162,2025,289
"Story, Trevor",596115,2023,168
"Bliss, Ryan",669208,2024,71
"Machado, Manny",592518,2026,241
"Johnston, Troy",687859,2026,216
"Rojas, Miguel",500743,2025,317
"Nevin, Tyler",663527,2024,278
"Cruz, Oneil",665833,2024,599
"Rodríguez, Johnathan",671286,2024,40
"Moustakas, Mike",519058,2023,386
"Profar, Jurickson",595777,2025,371
"Ortiz, Joey",687401,2023,34
"Vilade, Ryan",668723,2025,15
"Toglia, Michael",669911,2024,458
"Díaz, Elias",553869,2026,23
"Kelly, Carson",608348,2025,421
"Florial, Estevan",664314,2023,71
"d'Arnaud, Travis",518595,2024,341
"Teodosio, Bryce",669326,2025,150
"Nuñez, Nasim",683083,2024,78
"Sosa, Lenyn",672820,2026,117
"O'Hoppe, Logan",681351,2026,141
"Stott, Bryson",681082,2024,571
"Mejía, Francisco",642336,2023,160
"Mangum, Jake",663968,2026,123
"Caminero, Junior",691406,2023,36
"Singleton, Jon",572138,2023,105
"Rocchio, Brayan",677587,2026,224
"Fulford, Braxton",690924,2025,120
"Pasquantino, Vinnie",686469,2024,554
"Berroa, Steward",672642,2024,45
"Brown, Seth",664913,2024,400
"Acuña, Luisangel",682668,2024,40
"Stott, Bryson",681082,2023,640
"Nootbaar, Lars",663457,2023,503
"Kepler, Max",596146,2023,491
"Naylor, Bo",666310,2023,230
"Nishida, Rikuu",807747,2026,25
"Ozuna, Marcell",542303,2024,688
"DeLoach, Zach",676113,2024,75
"Pages, Andy",681624,2025,624
"Miller, Owen",680911,2023,314
"Bader, Harrison",664056,2026,111
"Davis, Henry",680779,2026,135
"Judge, Aaron",592450,2026,261
"Burger, Jake",669394,2023,540
"García, Avisaíl",541645,2024,51
"Monasterio, Andruw",655316,2023,315
"Abreu, Wilyer",677800,2023,85
"Raley, Luke",670042,2023,406
"Robles, Victor",645302,2023,126
"Yoshida, Masataka",807799,2025,205
"Bell, Josh",605137,2025,533
"Mancini, Trey",641820,2023,263
"Herrera, Jose",645444,2025,204
"Vargas, Ildemaro",545121,2024,303
"Turang, Brice",668930,2023,448
"Vargas, Ildemaro",545121,2023,286
"Garcia, Aramis",605244,2026,13
"Black, Tyler",672012,2025,13
"Devers, Rafael",646240,2024,601
"Devers, Rafael",646240,2023,656
"Peña, Jeremy",665161,2026,110
"Vilade, Ryan",668723,2026,96
"Caissie, Owen",683357,2026,169
"Perkins, Blake",663368,2024,434
"Mayo, Coby",691723,2024,46
"White, Eli",642201,2023,17
"Dunn, Oliver",686554,2025,41
"Keaschall, Luke",807712,2025,207
"Alvarez, Yordan",670541,2025,199
"Hicks, Aaron",543305,2024,63
"Acuña Jr., Ronald",660670,2024,222
"McLain, Matt",680574,2023,403
"McMahon, Ryan",641857,2023,627
"Larnach, Trevor",663616,2026,182
"Butler, Lawrence",671732,2025,630
"Suzuki, Seiya",673548,2025,651
"Lewis, Royce",668904,2026,119
"O'Hearn, Ryan",656811,2025,544
"Semien, Marcus",543760,2026,244
"Barger, Addison",680718,2024,225
"Huff, Sam",669087,2023,45
"Trevino, Jose",624431,2026,32
"Ramírez, Agustín",682663,2026,129
"Wiemer, Joey",686894,2024,28
"Soderstrom, Tyler",691016,2023,138
"Wendle, Joey",621563,2024,37
"Sullivan, Brett",664954,2024,17
"De La Cruz, Elly",682829,2024,696
"Meidroth, Chase",805367,2026,256
"Crews, Dylan",686611,2024,132
"Arenado, Nolan",571448,2023,612
"Heineman, Tyler",623168,2026,80
"Marte, Noelvi",682622,2026,32
"Solano, Donovan",456781,2024,309
"Allen, Nick",669397,2025,416
"López, Jack",605346,2024,71
"Rogers, Jake",668670,2026,63
"Wagner, Will",695238,2025,149
"Ward, Taylor",621493,2025,663
"Huff, Sam",669087,2025,58
"Nootbaar, Lars",663457,2024,405
"Dubón, Mauricio",643289,2024,428
"Allen, Greg",656185,2025,14
"Sabol, Blake",666165,2023,344
"Hoerner, Nico",663538,2025,649
"Duffy, Matt",622110,2023,209
"Suzuki, Seiya",673548,2024,585
"Chisholm Jr., Jazz",665862,2023,383
"McKinney, Billy",641856,2024,28
"Bae, Ji Hwan",678225,2024,81
"Ward, Taylor",621493,2026,280
"Rodríguez, Julio",677594,2026,276
"Caratini, Victor",605170,2024,274
"Frelick, Sal",686217,2024,524
"Tromp, Chadwick",644433,2024,54
"Alvarez, Yordan",670541,2026,272
"Stevenson, Andrew",664057,2023,40
"Hill, Derek",656537,2023,50
"Baldwin, Drake",686948,2026,216
"Báez, Javier",595879,2025,437
"Kreidler, Ryan",668952,2025,44
"Williams, Luke",663897,2024,52
"Gurriel, Yuli",493329,2024,65
"Vázquez, Christian",543877,2025,214
"McCoy, Mason",669200,2024,57
"Santana, Carlos",467793,2025,474
"Reyes, Felix",694025,2026,38
"Grandal, Yasmani",518735,2023,405
"Franco, Wander",677551,2023,491
"Bohm, Alec",664761,2025,504
"Palacios, Joshua",641943,2025,145
"Guillorme, Luis",641645,2023,120
"Villar, David",681584,2024,37
"Busch, Michael",683737,2023,81
"Luciano, Marco",682617,2023,45
"Martínez, J.P.",679881,2023,44
"Kohlwey, Taylor",670128,2023,13
"Remillard, Zach",621545,2024,39
"Abrams, CJ",682928,2023,614
"Hernaiz, Darell",687231,2025,197
"Marte, Ketel",606466,2023,650
"Murphy, Sean",669221,2023,438
"Pozo, Yohel",650968,2026,33
"Amador, Adael",691182,2025,128
"Shewmake, Braden",669699,2024,67
"Encarnacion-Strand, Christian",687952,2024,123
"Fermin, Freddy",666023,2025,347
"Thompson, Bubba",669352,2023,60
"Crawford, Justin",702222,2026,189
"Giménez, Andrés",665926,2026,213
"Feduccia, Hunter",676439,2025,105
"Bruján, Vidal",660644,2025,95
"Schneemann, Daniel",682177,2025,422
"Varsho, Daulton",662139,2024,513
"Castellanos, Nick",592206,2025,589
"Narváez, Carlos",665966,2024,15
"Grisham, Trent",663757,2023,555
"Marlowe, Cade",687799,2023,100
"McNeil, Jeff",643446,2026,210
"Sanoja, Javier",691594,2024,36
"Chaparro, Andrés",665953,2024,132
"Suárez, Eugenio",553993,2023,694
"Clarke, Denzel",672016,2025,159
"Smith, Josh",669701,2025,563
"Jones, Greg",675659,2026,22
"Marsh, Brandon",669016,2026,211
"d'Arnaud, Travis",518595,2025,231
"Ward, Taylor",621493,2023,409
"Reyes, Franmil",614177,2023,65
"Hill, Derek",656537,2025,149
"Clemens, Kody",665019,2024,120
"Gurriel Jr., Lourdes",666971,2023,592
"Walker, Christian",572233,2023,661
"Rice, Ben",700250,2025,530
"Rosario, Amed",642708,2026,101
"Murphy, Sean",669221,2025,337
"Vientos, Mark",668901,2024,454
"Crow-Armstrong, Pete",691718,2026,259
"Rafaela, Ceddanne",678882,2026,221
"Campbell, Kristian",692225,2025,263
"Bailey, Patrick",672275,2024,448
"Brennan, Will",686823,2026,23
"Harris, Brett",695391,2025,84
"Mullins, Cedric",656775,2025,498
"Realmuto, J.T.",592663,2024,413
"Martínez, J.P.",679881,2024,10
"Burger, Jake",669394,2025,376
"Fry, David",681807,2023,113
"Barger, Addison",680718,2026,28
"Pache, Cristian",665506,2024,183
"Yastrzemski, Mike",573262,2023,381
"Nuñez, Nasim",683083,2026,202
"Harper, Bryce",547180,2026,252
"Wood, James",695578,2026,294
"Taylor, Michael A.",572191,2024,300
"Torrens, Luis",620443,2023,30
"Moore, Dylan",664238,2024,441
"Sánchez, Gary",596142,2024,280
"Hedges, Austin",595978,2023,212
"Turner, Justin",457759,2025,191
"Sánchez, Ali",645305,2025,23
"Báez, Javier",595879,2023,547
"Robert Jr., Luis",673357,2025,431
"Wallner, Matt",670242,2023,254
"Higashioka, Kyle",543309,2026,107
"Montes, Coco",663796,2025,10
"Marte, Starling",516782,2023,341
"Laureano, Ramón",657656,2025,488
"Steer, Spencer",668715,2025,568
"Soler, Jorge",624585,2025,315
"Jensen, Carter",695600,2025,69
"McCann, James",543510,2024,233
"Crawford, J.P.",641487,2023,638
"Robert Jr., Luis",673357,2024,425
"Jansen, Danny",643376,2023,301
"Flores Jr., Rafael",804668,2025,17
"McMahon, Ryan",641857,2024,645
"Moreno, Gabriel",672515,2023,380
"Cruz, Nelson",443558,2023,152
"Ozuna, Marcell",542303,2023,592
"Isbel, Kyle",664728,2023,313
"Helman, Michael",680737,2026,25
"Jiménez, Leo",677870,2026,65
"Alfaro, Jorge",595751,2023,52
"Haase, Eric",606992,2025,77
"Peralta, David",444482,2023,422
"Melendez, MJ",669004,2023,602
"Aranda, Jonathan",666018,2023,103
"Beaty, Matt",607461,2023,72
"Mead, Curtis",678554,2025,264
"Lowe, Brandon",664040,2024,425
"Pagés, Pedro",686780,2025,389
"Smith, Cam",701358,2025,493
"Hopkins, TJ",686759,2023,44
"Walker, Jordan",691023,2025,396
"Marchán, Rafael",665561,2024,56
"Hernández, Teoscar",606192,2024,652
"Guillorme, Luis",641645,2025,21
"Kreidler, Ryan",668952,2023,18
"Perdomo, Geraldo",672695,2026,243
"Ortiz, Joey",687401,2025,506
"Romo, Drew",691011,2026,77
"Ewing, A.J.",805999,2026,86
"Sánchez, Jesús",660821,2023,402
"Edwards, Xavier",669364,2026,269
"Taveras, Leody",665750,2023,554
"Dingler, Dillon",693307,2025,469
"Julks, Corey",667452,2025,13
"Bryant, Kris",592178,2023,335
"Wade Jr., LaMonte",664774,2023,519
"Farmer, Kyle",571657,2023,369
"Lindor, Francisco",596019,2025,732
"Toro, Abraham",647351,2023,21
"Conine, Griffin",665052,2026,25
"Tellez, Rowdy",642133,2025,312
"Myers, Dane",667472,2025,333
"Perkins, Blake",663368,2026,74
"Moniak, Mickey",666160,2026,164
"Fortes, Nick",663743,2025,242
"Tovar, Ezequiel",678662,2024,695
"Jankowski, Travis",608671,2023,287
"Bellinger, Cody",641355,2026,260
"Jansen, Danny",643376,2026,142
"Kim, Ha-Seong",673490,2025,191
"Kemp, Otto",805249,2026,27
"Williamson, Ben",810938,2026,143
"Baker, Luken",663609,2025,41
"Araúz, Jonathan",660620,2023,66
"Arcia, Orlando",606115,2024,602
"Sogard, Nick",686765,2024,86
"Witt Jr., Bobby",677951,2023,694
"Altuve, Jose",514888,2025,654
"Margot, Manuel",622534,2023,336
"Hernaiz, Darell",687231,2026,127
"Fraley, Jake",641584,2026,90
"Edwards, Xavier",669364,2025,619
"Alvarez, Francisco",682626,2026,128
"Julien, Edouard",666397,2025,208
"Calhoun, Willie",641432,2024,254
"Mastrobuoni, Miles",670156,2024,106
"Alvarez, Armando",669137,2024,39
"Gamel, Ben",592325,2023,15
"Arenado, Nolan",571448,2026,212
"Lockridge, Brandon",663604,2025,148
"Kennedy, Buddy",671083,2023,29
"Báez, Javier",595879,2026,82
"Crawford, J.P.",641487,2024,451
"Hayes, Ke'Bryan",663647,2023,525
"Caratini, Victor",605170,2023,226
"Walton, Donovan",622268,2024,25
"Arias, Gabriel",672356,2024,161
"Haniger, Mitch",571745,2023,229
"LeMahieu, DJ",518934,2025,142
"Hernández, Teoscar",606192,2025,546
"Smith-Njigba, Canaan",675986,2023,37
"Cameron, Daz",663662,2024,186
"Marte, Noelvi",682622,2023,123
"Guthrie, Dalton",656495,2023,28
"Azócar, José",640492,2023,102
"Lopez, Nicky",670032,2023,262
"Fairchild, Stuart",656413,2025,55
"Andujar, Miguel",609280,2024,319
"Carter, Evan",694497,2024,162
"Harris II, Michael",671739,2026,225
"Bride, Jonah",681146,2023,106
"Lee, Jung Hoo",808982,2026,217
"Hamilton, David",666152,2025,194
"Margot, Manuel",622534,2025,20
"Contreras, William",661388,2023,611
"Langeliers, Shea",669127,2026,250
"Palacios, Richie",680700,2024,316
"Ruiz, Esteury",665923,2023,497
"Vientos, Mark",668901,2025,463
"Larnach, Trevor",663616,2025,567
"Reyes, Pablo",622569,2023,185
"Mead, Curtis",678554,2024,132
"Shaw, Matt",807713,2025,437
"Baker, Darren",671117,2024,14
"Yelich, Christian",592885,2023,632
"Canzone, Dominic",686527,2025,269
"Cave, Jake",595909,2023,203
"Handley, Maverick",668974,2025,47
"Slater, Austin",596103,2025,160
"Sánchez, Gary",596142,2025,101
"Moniak, Mickey",666160,2024,418
"Vilade, Ryan",668723,2024,49
"Serven, Brian",661531,2023,23
"Rumfield, TJ",681198,2026,237
"McCarthy, Jake",664983,2023,312
"Busch, Michael",683737,2024,567
"Senzel, Nick",669222,2024,267
"Santana, Carlos",467793,2023,619
"Harris II, Michael",671739,2024,470
"Mendick, Danny",664901,2023,69
"Valera, George",671655,2026,38
"Frazier, Adam",624428,2026,90
"Marte, Ketel",606466,2025,556
"Meadows, Parker",678009,2026,39
"Ortiz, Joey",687401,2026,141
"Vázquez, Luis",676679,2024,14
"Martini, Nick",605361,2024,163
"Lowe, Josh",666139,2026,134
"Hampson, Garrett",641658,2024,231
"Wallner, Matt",670242,2025,392
"Young, Cole",702284,2026,249
"Pagés, Pedro",686780,2024,218
"Rooker, Brent",667670,2023,526
"Stefanic, Michael",683021,2023,71
"Mountcastle, Ryan",663624,2026,15
"Mullins, Cedric",656775,2024,499
"García Jr., Luis",671277,2026,197
"Davis, Henry",680779,2025,283
"Ward, Ryan",669899,2026,12
"Torrens, Luis",620443,2024,130
"Frazier, Clint",640449,2023,76
"Feduccia, Hunter",676439,2024,14
"Hernández, Enrique",571771,2024,393
"Myers, Dane",667472,2024,108
"Duvall, Adam",594807,2023,353
"Cronenworth, Jake",630105,2025,515
"Noel, Jhonkensy",678877,2025,153
"Soderstrom, Tyler",691016,2024,213
"Tauchman, Mike",643565,2023,401
"Torres, Gleyber",650402,2026,154
"McKinstry, Zach",656716,2023,518
"Hampson, Garrett",641658,2023,252
"Lamb, Jake",571875,2023,54
"Torkelson, Spencer",679529,2024,381
"Westburg, Jordan",676059,2024,447
"Bleday, JJ",668709,2025,344
"Walsh, Jared",665120,2023,116
"Jiménez, Eloy",650391,2024,349
"Naylor, Bo",666310,2025,414
"Triolo, Jared",669707,2026,96
"Martini, Nick",605361,2025,111
"Machado, Manny",592518,2024,643
"Stevenson, Cal",670276,2023,12
"Short, Zack",670097,2025,56
"Wallach, Chad",595453,2023,172
"Wallner, Matt",670242,2026,135
"Heim, Jonah",641680,2024,491
"Pillar, Kevin",607680,2023,206
"Quero, Edgar",700337,2025,403
"Dozier, Hunter",641531,2023,91
"Moreno, Gabriel",672515,2026,144
"Grandal, Yasmani",518735,2024,243
"Hernández, Teoscar",606192,2023,678
"Albies, Ozzie",645277,2023,660
"Torres, Gleyber",650402,2023,672
"Jensen, Carter",695600,2026,206
"Varsho, Daulton",662139,2026,234
"Canario, Alexander",672744,2025,234
"Miller, Owen",680911,2024,27
"Kreidler, Ryan",668952,2026,55
"Casas, Triston",671213,2025,112
"Westburg, Jordan",676059,2023,228
"Cordero, Franchy",614173,2023,71
"House, Brady",691781,2025,274
"Stanton, Giancarlo",519317,2024,459
"Perez, Salvador",521692,2024,652
"Narváez, Omar",553882,2024,69
"Jung, Jace",690291,2024,94
"Smith, Pavin",656976,2024,158
"Ramírez, Harold",623912,2023,434
"Fairchild, Stuart",656413,2023,255
"Bleday, JJ",668709,2024,642
"Siri, Jose",642350,2024,448
"Duran, Jarren",680776,2025,696
"Noda, Ryan",676116,2024,111
"Amaya, Miguel",665804,2023,156
"Stubbs, Garrett",596117,2023,125
"Conine, Griffin",665052,2025,86
"Altuve, Jose",514888,2024,682
"Miller, Owen",680911,2025,17
"Clement, Ernie",676391,2026,244
"DeLuca, Jonny",676356,2023,45
"Valdez, Enmanuel",665839,2025,102
"Vázquez, Christian",543877,2023,355
"Carroll, Corbin",682998,2023,645
"Kiermaier, Kevin",595281,2023,408
"Contreras, Willson",575929,2023,495
"Rengifo, Luis",650859,2025,541
"Langeliers, Shea",669127,2023,490
"Meckler, Wade",685133,2023,64
"Joe, Connor",656582,2026,39
"Scott II, Victor",687363,2026,173
"Kelly, Carson",608348,2024,313
"Gonzalez, Romy",663853,2024,216
"Meadows, Austin",640457,2023,21
"Giménez, Andrés",665926,2023,616
"Renfroe, Hunter",592669,2023,548
"Baty, Brett",683146,2025,432
"Tucker, Cole",657061,2024,57
"Bethancourt, Christian",542194,2024,147
"McCann, Kyle",668832,2024,157
"Solak, Nick",669256,2025,11
"Morel, Christopher",666624,2024,611
"Beck, Jordan",687597,2024,184
"Yoshida, Masataka",807799,2023,580
"Rojas, Johan",679032,2025,172
"Marte, Starling",516782,2024,370
"Outman, James",681546,2024,156
"Haggerty, Sam",664059,2024,16
"Ramos, Heliot",671218,2023,60
"Zavala, Seby",664874,2023,193
"Torkelson, Spencer",679529,2023,684
"Moreno, Gabriel",672515,2024,351
"Call, Alex",669743,2024,113
"Grichuk, Randal",545341,2023,471
"Semien, Marcus",543760,2025,534
"Brown, Seth",664913,2025,76
"Camargo, Johan",622666,2023,20
"Nido, Tomás",621512,2024,140
"Carpenter, Kerry",681481,2025,464
"Lukes, Nathan",664770,2025,438
"Ruiz, Keibert",660688,2025,267
"Smith, Will",669257,2024,544
"Flores, Wilmer",527038,2023,454
"Crow-Armstrong, Pete",691718,2024,410
"Rushing, Dalton",687221,2026,102
"Church, Nathan",701675,2026,156
"Goodman, Hunter",696100,2025,579
"Pollock, AJ",572041,2023,144
"Fry, David",681807,2024,392
"Lee, Hao-Yu ",701678,2026,87
"Jeffers, Ryan",680777,2026,148
"Ozuna, Marcell",542303,2026,195
"Baldwin, Brooks",681460,2024,121
"Urías, Luis",649966,2025,330
"Vierling, Matt",663837,2025,100
"Muncy, Max",571970,2025,388
"Freeman, Tyler",671289,2023,168
"Caballero, José",676609,2024,483
"Abreu, José",547989,2023,594
"Pham, Tommy",502054,2025,449
"Soto, Juan",665742,2025,715
"Noda, Ryan",676116,2025,59
"Jiménez, Eloy",650391,2023,489
"Friedl, TJ",670770,2026,178
"Pages, Andy",681624,2024,443
"Smith, Will",669257,2023,554
"Bellinger, Cody",641355,2025,656
"Wynns, Austin",642851,2023,145
"Vosler, Jason",613564,2023,65
"Beck, Jordan",687597,2026,88
"Chaparro, Andrés",665953,2026,27
"Lux, Gavin",666158,2025,503
"Johnson, Bryce",669369,2023,48
"Pham, Tommy",502054,2026,14
"Fletcher, David",664058,2023,97
"Hiura, Keston",669374,2024,27
"Adell, Jo",666176,2025,573
"Song, Sung-Mun",823550,2026,31
"Robles, Victor",645302,2025,114
"Koss, Christian",683766,2025,191
"Stowers, Kyle",669065,2024,209
"Brennan, Will",686823,2023,455
"Wisely, Brett",689172,2023,131
"Okamoto, Kazuma",672960,2026,246
"Osuna, Alejandro",696030,2025,176
"Foscue, Justin",679822,2026,62
"Basallo, Samuel",694212,2026,185
"Slater, Austin",596103,2023,207
"Torres, Gleyber",650402,2024,665
"Ruiz, Keibert",660688,2026,127
"Hurtubise, Jacob",674441,2025,15
"Campusano, Luis",669134,2023,174
"Estrada, Thairo",642731,2024,381
"Reynolds, Bryan",668804,2024,692
"Grichuk, Randal",545341,2024,279
"Edman, Tommy",669242,2025,377
"Doyle, Brenton",686668,2026,122
"Garcia, Maikel",672580,2026,246
"Kiner-Falefa, Isiah",643396,2024,496
"Hill, Derek",656537,2024,172
"Morel, Christopher",666624,2023,429
"Bleday, JJ",668709,2023,303
"Castro, Rodolfo",666801,2023,256
"d'Arnaud, Travis",518595,2023,292
"Alexander, Blaze",677942,2025,266
"De Los Santos, Luis",665782,2024,31
"Herrera, Jose",645444,2023,120
"Clement, Ernie",676391,2024,452
"Tauchman, Mike",643565,2024,350
"Happ, Ian",664023,2024,657
"Peterson, Jace",607054,2024,26
"Rutschman, Adley",668939,2023,687
"Alonso, Pete",624413,2026,266
"Stallings, Jacob",607732,2024,281
"Vargas, Miguel",678246,2023,304
"Morabito, Nick",703492,2026,12
"McKinstry, Zach",656716,2025,511
"Peraza, Oswald",672724,2023,191
"Herrera, Iván",671056,2025,452
"Hayes, Ke'Bryan",663647,2025,570
"Lee, Jung Hoo",808982,2024,158
"Carpenter, Kerry",681481,2024,296
"McMahon, Ryan",641857,2026,166
"Peguero, Liover",678894,2025,88
"Wong, Connor",657136,2023,403
"Carpenter, Matt",572761,2023,237
"Dunn, Oliver",686554,2026,12
"Simpson, Chandler",802415,2026,247
"Correa, Carlos",621043,2026,141
"Harper, Bryce",547180,2024,631
"Vierling, Matt",663837,2023,530
"Phillips, Brett",621433,2023,71
"Loftin, Nick",679845,2025,188
"Alvarez, Eddy",657193,2024,11
"Pratto, Nick",668472,2023,345
"Pereira, Everson",677592,2026,71
"Keith, Colt",690993,2026,180
"Wilson, Jacob",805779,2024,103
"Bouchard, Sean",656248,2024,108
"Moore, Dylan",664238,2025,243
"Baddoo, Akil",668731,2025,18
"Burleson, Alec",676475,2024,595
"Cruz, Oneil",665833,2025,544
"Querecuto, Juniel",578570,2023,21
"Madrigal, Nick",663611,2026,16
"Nuñez, Nasim",683083,2025,92
"Adams, Jordyn",677941,2023,40
"Newman, Kevin",621028,2023,253
"Wells, Austin",669224,2025,448
"Crawford, Brandon",543063,2024,80
"Gonzalez, Oscar",660757,2023,180
"Frelick, Sal",686217,2025,594
"Díaz, Isan",656371,2023,26
"Torrens, Luis",620443,2026,110
"Giménez, Andrés",665926,2025,369
"Edwards, Xavier",669364,2023,84
"Pederson, Joc",592626,2025,306
"Higashioka, Kyle",543309,2024,263
"Pederson, Joc",592626,2023,425
"Hinds, Rece",677956,2026,36
"Schneider, Davis",676914,2025,227
"Fairchild, Stuart",656413,2024,233
"Rocchio, Brayan",677587,2025,383
"Toglia, Michael",669911,2023,152
"Kirilloff, Alex",666135,2023,319
"Piñango, Yohendrick",682818,2026,97
"Pereda, Jhonny",640902,2025,78
"Harper, Bryce",547180,2023,546
"Senger, Hayden",663584,2026,17
"Mullins, Cedric",656775,2026,202
"Jung, Josh",673962,2026,240
"Gelof, Zack",680869,2026,157
"Sheets, Gavin",657757,2024,501
"Canha, Mark",592192,2024,462
"Jankowski, Travis",608671,2025,50
"Sanó, Miguel",593934,2024,95
"Goldschmidt, Paul",502671,2025,534
"Trejo, Alan",676701,2024,67
"Walker, Christian",572233,2025,640
"Crow-Armstrong, Pete",691718,2023,19
"Slater, Austin",596103,2026,49
"Rogers, Jake",668670,2023,365
"Robert Jr., Luis",673357,2026,98
"Voit, Luke",572228,2023,74
"Muncy, Max",571970,2026,214
"Montero, Elehuris",660707,2024,247
"Marte, Noelvi",682622,2024,242
"Lewis, Kyle",641786,2023,54
"Smith, Josh",669701,2023,232
"Miranda, Jose",669304,2023,152
"Ramírez, José",608070,2024,682
"Grisham, Trent",663757,2024,209
"Mendick, Danny",664901,2024,141
"Motter, Taylor",600301,2023,82
"Yepez, Juan",660766,2023,65
"Campero, Gustavo",672569,2025,66
"Yastrzemski, Mike",573262,2024,474
"Reyes, Pablo",622569,2024,64
"Caglianone, Jac",695506,2025,232
"Conine, Griffin",665052,2024,89
"Villar, David",681584,2023,140
"O'Hoppe, Logan",681351,2023,199
"Sosa, Edmundo",624641,2026,97
"Chapman, Matt",656305,2025,535
"Rodríguez, Endy",682848,2025,57
"Raleigh, Cal",663728,2024,628
"De La Cruz, Elly",682829,2025,699
"McGuire, Reese",624512,2025,140
"Lopez, Nicky",670032,2025,28
"Rosario, Amed",642708,2023,545
"Haase, Eric",606992,2023,293
"Lindor, Francisco",596019,2023,687
"Caballero, José",676609,2023,280
"Salazar, César",663967,2023,19
"Helman, Michael",680737,2025,110
"Gorman, Nolan",669357,2023,464
"Perez, Salvador",521692,2025,641
"Stallings, Jacob",607732,2023,276
"Haggerty, Sam",664059,2023,108
"Caballero, José",676609,2026,181
"Bryant, Kris",592178,2024,155
"Vivas, Jorbit",678391,2026,132
"Cole, Zach",805904,2025,52
"Cave, Jake",595909,2024,346
"Doyle, Brenton",686668,2024,603
"Mateo, Jorge",622761,2024,208
"Cabrera, Miguel",408234,2023,370
"Anthony, Roman",701350,2026,130
"Yelich, Christian",592885,2026,129
"Dickerson, Corey",572816,2023,152
"Cabbage, Trey",663550,2023,56
"Mullins, Cedric",656775,2023,455
"Ibáñez, Andy",628451,2023,383
"Tovar, Ezequiel",678662,2026,226
"Goodman, Hunter",696100,2023,77
"McCray, Grant",687529,2024,130
"McKinney, Billy",641856,2023,147
"Díaz, Yandy",650490,2025,651
"Carter, Evan",694497,2023,75
"Soler, Jorge",624585,2026,243
"Wells, Austin",669224,2026,166
"Thaiss, Matt",642136,2024,186
"Morel, Christopher",666624,2026,69
"Susac, Daniel",691740,2026,74
"Lewis, Royce",668904,2024,325
"Schanuel, Nolan",694384,2026,208
"Slater, Austin",596103,2024,212
"Correa, Carlos",621043,2023,580
"Emerson, Colt",806068,2026,57
"Rooker, Brent",667670,2025,699
"Stubbs, Garrett",596117,2026,24
"Clement, Ernie",676391,2023,52
"Loftin, Nick",679845,2026,96
"Short, Zack",670097,2024,88
"Garver, Mitch",641598,2023,344
"Schneemann, Daniel",682177,2026,175
"Kim, Ha-Seong",673490,2024,470
"Lindor, Francisco",596019,2024,689
"O'Hoppe, Logan",681351,2025,451
"Pereira, Everson",677592,2023,103
"Locastro, Tim",641796,2023,67
"Loftin, Nick",679845,2023,68
"Dezenzo, Zach",701305,2026,51
"Rivas, Leo",660844,2025,111
"Buxton, Byron",621439,2024,388
"Kavadas, Niko",694359,2025,23
"Sanoja, Javier",691594,2025,342
"Olson, Matt",621566,2026,273
"Garrett, Stone",656448,2023,271
"Jones, Jahmai",663330,2026,84
"Contreras, William",661388,2025,659
"Collins, Isaac",686555,2026,197
"Bart, Joey",663698,2025,332
"Bogaerts, Xander",593428,2026,233
"O'Hoppe, Logan",681351,2024,522
"Friedl, TJ",670770,2024,341
"Langeliers, Shea",669127,2024,534
"Rojas, Miguel",500743,2023,423
"Verdugo, Alex",657077,2024,621
"Walker, Jordan",691023,2024,178
"Bart, Joey",663698,2024,282
"Durbin, Caleb",702332,2025,506
"Stewart, Sal",701398,2025,58
"Teel, Kyle",691019,2025,297
"Renfroe, Hunter",592669,2024,424
"Solano, Donovan",456781,2023,450
"Wiemer, Joey",686894,2023,410
"Short, Zack",670097,2026,39
"Varsho, Daulton",662139,2025,271
"Vaughn, Andrew",683734,2024,619
"Casali, Curt",592200,2023,96
"Vaughn, Andrew",683734,2023,615
"Kelenic, Jarred",672284,2023,416
"Alvarez, Francisco",682626,2025,277
"McNeil, Jeff",643446,2024,472
"Bride, Jonah",681146,2024,272
"Santander, Anthony",623993,2023,656
"Arozarena, Randy",668227,2024,648
"Barnes, Austin",605131,2023,200
"Vogelbach, Daniel",596129,2024,79
"Mervis, Matt",670223,2024,28
"Berti, Jon",542932,2024,74
"Correa, Carlos",621043,2025,584
"Nido, Tomás",621512,2023,61
"Riley, Austin",663586,2025,447
"Espinal, Santiago",669289,2025,328
"Wynns, Austin",642851,2024,20
"Brennan, Will",686823,2025,13
"Manzardo, Kyle",700932,2026,189
"Yoshida, Masataka",807799,2024,421
"Triolo, Jared",669707,2025,376
"Abreu, Wilyer",677800,2026,256
"Rosario, Eguy",666703,2024,57
"Tena, José",677588,2026,125
"Grichuk, Randal",545341,2025,293
"Alvarez, Francisco",682626,2023,423
"Carlson, Dylan",666185,2023,255
"Rengifo, Luis",650859,2026,182
"Giménez, Andrés",665926,2024,633
"Walsh, Jared",665120,2024,60
"Edman, Tommy",669242,2024,153
"Adams, Riley",656180,2023,158
"Kwan, Steven",680757,2024,540
"Smith, Will",669257,2025,436
"Hays, Austin",669720,2023,566
"Sánchez, Gary",596142,2026,118
"Arozarena, Randy",668227,2025,709
"Domínguez, Jasson",691176,2023,33
"Sosa, Lenyn",672820,2023,173
"Herrera, Iván",671056,2023,44
"Wade, Tyler",642180,2024,156
"Laureano, Ramón",657656,2024,309
"Doyle, Brenton",686668,2023,431
"Diaz, Yainer",673237,2025,567
"Tauchman, Mike",643565,2025,385
"Massey, Michael",686681,2026,133
"Keirsey Jr., DaShawn",680577,2024,14
"Acuña Jr., Ronald",660670,2025,412
"Millas, Drew",686452,2025,55
"Vavra, Terrin",679631,2023,56
"Martin, Austin",668885,2025,181
"Campusano, Luis",669134,2025,27
"Castellanos, Nick",592206,2024,659
"Kreidler, Ryan",668952,2024,65
"Keith, Colt",690993,2024,556
"Teodosio, Bryce",669326,2024,12
"Wynns, Austin",642851,2026,43
"Wisdom, Patrick",621550,2024,174
"Meyers, Jake",676694,2025,381
"Bauers, Jake",641343,2026,208
"Smith, Will",669257,2026,194
"Smith, Josh",669701,2026,108
"McCarthy, Jake",664983,2026,173
"Del Castillo, Adrian",680728,2025,131
"Story, Trevor",596115,2024,106
"Rodríguez, Julio",677594,2023,714
"Castro, Willi",650489,2025,454
"McLain, Matt",680574,2025,577
"Hernández, Yonny",660634,2023,27
"Pache, Cristian",665506,2023,95
"Isbel, Kyle",664728,2024,426
"Durbin, Caleb",702332,2026,189
"Votto, Joey",458015,2023,242
"Jackson, Jeremiah",669236,2026,174
"McCoy, Mason",669200,2025,26
"Casas, Triston",671213,2023,502
"Singleton, Jon",572138,2024,405
"Torres, Gleyber",650402,2025,628
"Lukes, Nathan",664770,2026,90
"Happ, Ian",664023,2026,260
"McGuire, Reese",624512,2024,158
"Caminero, Junior",691406,2024,177
"Peterson, Jace",607054,2023,430
"Joe, Connor",656582,2023,472
"Yelich, Christian",592885,2025,644
"Narváez, Omar",553882,2023,146
"Griffin, Konnor",804606,2026,208
"Lux, Gavin",666158,2024,487
"Flores, Wilmer",527038,2024,242
"Riley, Austin",663586,2026,253
"Romo, Drew",691011,2024,53
"Conforto, Michael",624424,2026,94
"Soler, Jorge",624585,2024,574
"Ruiz, Keibert",660688,2023,562
"McNeil, Jeff",643446,2025,462
"Kieboom, Carter",666198,2023,94
"Heyward, Jason",518792,2025,95
"Kurtz, Nick",701762,2025,489
"Stefanic, Michael",683021,2025,25
"Taylor, Chris",621035,2023,384
"Pauley, Graham",688363,2024,32
"Delay, Jason",641511,2023,187
"Moore, Dylan",664238,2026,15
"Piña, Manny",444489,2023,12
"Adames, Willy",642715,2026,260
"Kelly, Carson",608348,2023,151
"Mayer, Marcelo",691785,2026,181
"Mateo, Jorge",622761,2025,83
"Stevens, Chad",677060,2025,14
"Higashioka, Kyle",543309,2023,260
"Seigler, Anthony",678011,2025,73
"Luciano, Marco",682617,2024,81
"McKinstry, Zach",656716,2024,325
"Adams, Riley",656180,2024,130
"Lowe, Josh",666139,2023,501
"Abreu, Wilyer",677800,2025,417
"Urías, Ramón",602104,2026,68
"Story, Trevor",596115,2026,176
"Wade, Tyler",642180,2025,127
"Gorman, Nolan",669357,2024,402
"Neto, Zach",687263,2024,602
"Brennan, Will",686823,2024,353
"Fletcher, Dominic",666150,2024,241
"Greene, Riley",682985,2025,655
"Higgins, P.J.",664731,2026,26
"Amaya, Jacob",676070,2024,72
"Schmitt, Casey",669477,2023,277
"Matos, Luis",682641,2023,253
"Langford, Wyatt",694671,2026,84
"Realmuto, J.T.",592663,2026,145
"Acosta, Maximo",691185,2025,61
"Nimmo, Brandon",607043,2023,682
"Wisdom, Patrick",621550,2026,19
"Lowe, Nathaniel",663993,2024,565
"Marsh, Brandon",669016,2025,425
"Ramos, Heliot",671218,2024,518
"Rodgers, Brendan",663898,2023,192
"LeMahieu, DJ",518934,2024,228
"Rogers, Jake",668670,2024,337
"Barnhart, Tucker",571466,2024,96
"Pham, Tommy",502054,2024,478
"Meyers, Jake",676694,2026,88
"Urías, Ramón",602104,2025,391
"Suárez, Eugenio",553993,2025,657
"Rivero, Sebastián",665861,2025,34
"Lopez, Nicky",670032,2024,445
"Caratini, Victor",605170,2026,170
"Yastrzemski, Mike",573262,2026,171
"Loftin, Nick",679845,2024,171
"Cruz, Oneil",665833,2023,40
"Lugo, Matthew",683090,2025,70
"Mitchell, Garrett",669003,2025,78
"Castellanos, Nick",592206,2023,671
"Burleson, Alec",676475,2025,546
"Rizzo, Anthony",519203,2024,375
"Baddoo, Akil",668731,2024,82
"Arias, Gabriel",672356,2025,471
"Reynolds, Bryan",668804,2025,654
"Mesa Jr., Victor",683748,2025,38
"Yelich, Christian",592885,2024,315
"Thomas, Alek",677950,2023,402
"Duran, Ezequiel",677649,2023,439
"Schneider, Davis",676914,2023,141
"De La Cruz, Bryan",650559,2025,50
"O'Neill, Tyler",641933,2025,209
"Suwinski, Jack",669261,2023,534
"Harper, Bryce",547180,2025,580
"Amador, Adael",691182,2024,36
"Gamel, Ben",592325,2024,99
"Guillorme, Luis",641645,2024,187
"Gorski, Matt",685301,2025,42
"Castro, Harold",605612,2023,270
"Trammell, Taylor",666211,2025,135
"Wong, Kolten",543939,2023,250
"Pederson, Joc",592626,2026,188
"Lopez, Otto",672640,2024,434
"Paredes, Isaac",670623,2024,641
"Adrianza, Ehire",501303,2024,28
"Stephenson, Tyler",663886,2026,174
"Machín, Vimael",605353,2025,12
"Guzman, Denzer",694203,2025,43
"Albies, Ozzie",645277,2024,435
"Martin, Austin",668885,2026,200
"Kwan, Steven",680757,2025,693
"Taveras, Leody",665750,2026,177
"Church, Nathan",701675,2025,65
"Bae, Ji Hwan",678225,2023,371
"Chourio, Jackson",694192,2025,589
"Bazzana, Travis",683953,2026,135
"Alcántara, Kevin",682634,2024,10
"Raleigh, Cal",663728,2023,569
"Higashioka, Kyle",543309,2025,327
"Horwitz, Spencer",687462,2023,44
"García, Adolis",666969,2026,232
"Tellez, Rowdy",642133,2023,351
"Gonzalez, Romy",663853,2025,341
"Aguilar, Jesús",542583,2023,115
"Neto, Zach",687263,2023,329
"Rortvedt, Ben",666163,2025,128
"Alvarez, Francisco",682626,2024,342
"Hicks, Liam",689414,2026,230
"Jones, Jahmai",663330,2023,11
"Banfield, Will",677943,2025,10
"Kim, Ha-Seong",673490,2023,626
"Bichette, Bo",666182,2025,628
"Hays, Austin",669720,2026,44
"Noel, Jhonkensy",678877,2024,198
"Volpe, Anthony",683011,2025,596
"Crawford, Brandon",543063,2023,320
"Rortvedt, Ben",666163,2023,79
"Rojas, Miguel",500743,2026,100
"McKinstry, Zach",656716,2026,132
"Matos, Luis",682641,2026,21
"Devanney, Cam",687478,2025,38
"Fortes, Nick",663743,2023,323
"Kim, Hyeseong",808975,2026,131
"Hedges, Austin",595978,2024,146
"Sabol, Blake",666165,2025,18
"Rodríguez, Johnathan",671286,2025,77
"Barrero, José",676480,2023,149
"LeMahieu, DJ",518934,2023,562
"Straw, Myles",664702,2026,101
"Gomes, Yan",543228,2023,419
"Meidroth, Chase",805367,2025,505
"Cameron, Daz",663662,2025,42
"Rendon, Anthony",543685,2024,238
"Schanuel, Nolan",694384,2023,132
"Dixon, Brandon",641525,2023,86
"Wong, Connor",657136,2026,76
"Heineman, Tyler",623168,2024,16
"Wallner, Matt",670242,2024,261
"Moore, Dylan",664238,2023,165
"Shewmake, Braden",669699,2026,79
"Acuña Jr., Ronald",660670,2023,735
"Arraez, Luis",650333,2025,675
"Rendon, Anthony",543685,2023,183
"Iglesias, Jose",578428,2024,291
"Kjerstad, Heston",677008,2024,114
"Porter, Logan",682515,2023,38
"Reyes, Pablo",622569,2025,34
"Blackmon, Charlie",453568,2024,499
"Alexander, Blaze",677942,2024,185
"Chapman, Matt",656305,2023,581
"Contreras, Willson",575929,2026,241
"Maile, Luke",571912,2023,199
"Chaparro, Andrés",665953,2025,73
"McKenna, Ryan",663630,2023,139
"Lopez, Nicky",670032,2026,33
"O'Hearn, Ryan",656811,2024,494
"Stewart, DJ",621466,2024,194
"Garcia, Maikel",672580,2023,515
"Turner, Trea",607208,2026,264
"Díaz, Elias",553869,2025,283
"Kjerstad, Heston",677008,2023,33
"Bride, Jonah",681146,2025,125
"Bader, Harrison",664056,2024,437
"Misner, Kameron",670224,2025,217
"McMahon, Ryan",641857,2025,586
"Buxton, Byron",621439,2026,242
"Tovar, Ezequiel",678662,2023,615
"Collins, Isaac",686555,2024,19
"Bichette, Bo",666182,2026,271
"DeJong, Paul",657557,2025,208
"Sheets, Gavin",657757,2023,344
"McCormick, Chas",676801,2025,116
"Meyers, Jake",676694,2024,513
"McCutchen, Andrew",457705,2025,551
"Trammell, Taylor",666211,2026,62
"Kemp, Tony",643393,2024,10
"Stephenson, Tyler",663886,2023,517
"Canzone, Dominic",686527,2023,182
"Butler, Lawrence",671732,2026,169
"Mayo, Coby",691723,2026,165
"Gelof, Zack",680869,2024,547
"Conforto, Michael",624424,2025,486
"Millas, Drew",686452,2023,33
"Basabe, Osleivis",678545,2023,94
"Maton, Nick",665155,2025,63
"Loperfido, Joey",694388,2024,262
"Crow-Armstrong, Pete",691718,2025,647
"Hill, Derek",656537,2026,78
"Adames, Willy",642715,2024,688
"Hays, Austin",669720,2025,416
"Vaughn, Andrew",683734,2025,447
"Seager, Corey",608369,2026,182
"Kwan, Steven",680757,2023,718
"Mateo, Jorge",622761,2026,87
"Kiner-Falefa, Isiah",643396,2023,361
"Arozarena, Randy",668227,2026,268
"Bauers, Jake",641343,2025,218
"Vivas, Jorbit",678391,2025,66
"Duran, Ezequiel",677649,2025,219
"Melendez, MJ",669004,2024,451
"Domínguez, Jasson",691176,2024,67
"García, Adolis",666969,2023,632
"Happ, Ian",664023,2023,691
"Bemboom, Anthony",621532,2023,13
"Tena, José",677588,2024,168
"Marte, Noelvi",682622,2025,360
"Bethancourt, Christian",542194,2023,332
"Gurriel Jr., Lourdes",666971,2024,553
"Cole, Zach",805904,2026,53
"Wilson, Jacob",805779,2026,168
"Steer, Spencer",668715,2026,235
"Bregman, Alex",608324,2024,634
"Blankenhorn, Travis",663905,2024,32
"Langford, Wyatt",694671,2025,573
"Pérez, Carlos",656024,2023,53
"Perez, Salvador",521692,2023,580
"Freeman, Freddie",518692,2025,627
"Ramírez, José",608070,2026,276
"Senzel, Nick",669222,2023,330
"Arroyo, Christian",624414,2023,206
"Segura, Jean",516416,2023,326
"Salazar, César",663967,2025,16
"Gonzales, Nick",693304,2024,387
"Owings, Chris",572008,2023,25
"Stott, Bryson",681082,2026,207
"Dalbec, Bobby",666915,2023,53
"Adams, Riley",656180,2025,286
"Siri, Jose",642350,2025,36
"Campusano, Luis",669134,2024,299
"Sullivan, Brett",664954,2023,86
"Mayer, Marcelo",691785,2025,136
"Kepler, Max",596146,2024,399
"Garver, Mitch",641598,2024,430
"Millas, Drew",686452,2026,106
"Arcia, Orlando",606115,2025,214
"Loperfido, Joey",694388,2025,104
"Espinal, Santiago",669289,2023,254
"Bell, Josh",605137,2024,603
"Ramírez, Agustín",682663,2025,585
"Burger, Jake",669394,2026,245
"Maldonado, Martín",455117,2024,147
"Jackson, Jeremiah",669236,2025,183
"Blackmon, Charlie",453568,2023,413
"Bregman, Alex",608324,2026,279
"Jiménez, Leo",677870,2025,32
"Clase, Jonatan",682729,2024,66
"Collins, Isaac",686555,2025,441
"Vogelbach, Daniel",596129,2023,319
"Peña, Jeremy",665161,2024,650
"Carroll, Corbin",682998,2024,684
"Hilliard, Sam",656541,2024,158
"Benintendi, Andrew",643217,2025,470
"Ramírez, Pedro",699393,2026,12
"Swanson, Dansby",621020,2025,645
"Benintendi, Andrew",643217,2026,199
"Freeland, Alex",690976,2026,131
"White, Eli",642201,2025,271
"Bliss, Ryan",669208,2025,39
"Williamson, Ben",810938,2025,295
"Carpenter, Matt",572761,2024,157
"Casali, Curt",592200,2024,125
"Abrams, CJ",682928,2024,602
"Mountcastle, Ryan",663624,2024,507
"Alu, Jake",666906,2023,175
"Greene, Riley",682985,2026,263
"Fortes, Nick",663743,2026,148
"Antonacci, Sam",803011,2026,177
"Volpe, Anthony",683011,2023,601
"Tatis Jr., Fernando",665487,2023,635
"McCann, James",543510,2023,226
"Adell, Jo",666176,2026,260
"Bouchard, Sean",656248,2023,43
"Ramos, Bryan",682868,2024,108
"Aranda, Jonathan",666018,2026,257
"Goldschmidt, Paul",502671,2024,654
"Roden, Alan",702176,2025,153
"McCarthy, Jake",664983,2024,495
"Goldschmidt, Paul",502671,2023,687
"Valenzuela, Brandon",678218,2026,124
"Ford, Mike",645801,2024,62
"Bailey, Patrick",672275,2023,353
"Holliday, Jackson",702616,2025,649
"Straw, Myles",664702,2025,299
"Wilson, Weston",642215,2024,98
"Escarra, J.C.",641555,2026,65
"Winn, Masyn",691026,2023,137
"Madris, Bligh",676632,2024,75
"Canha, Mark",592192,2025,125
"McCormick, Chas",676801,2024,267
"Stott, Bryson",681082,2025,560
"Wisdom, Patrick",621550,2023,302
"Allen, Nick",669397,2024,105
"Lile, Daylen",695734,2025,351
"Trevino, Jose",624431,2025,302
"Mervis, Matt",670223,2025,134
"Martinez, J.D.",502110,2024,495
"Riley, Austin",663586,2024,469
"Kiermaier, Kevin",595281,2024,281
"Pereda, Jhonny",640902,2024,40
"Heineman, Tyler",623168,2023,47
"Amaya, Miguel",665804,2026,105
"Whitcomb, Shay",694376,2025,32
"Garver, Mitch",641598,2025,290
"Abreu, Wilyer",677800,2024,447
"Heyward, Jason",518792,2024,258
"Maile, Luke",571912,2024,154
"Castro, Willi",650489,2023,409
"Marsh, Brandon",669016,2023,472
"Escobar, Eduardo",500871,2023,309
"Capra, Vinny",681962,2023,21
"Ahmed, Nick",605113,2025,10
"Young, Jared",676724,2025,47
"Urshela, Gio",570482,2024,461
"Walls, Taylor",670764,2023,349
"Ruiz, Keibert",660688,2024,485
"Norby, Connor",681393,2024,194
"Rios, Edwin",621458,2023,34
"Kelenic, Jarred",672284,2025,65
"Marisnick, Jake",545350,2023,83
"Stanton, Giancarlo",519317,2026,96
"Ruiz, Esteury",665923,2026,51
"Naylor, Josh",647304,2024,633
"Díaz, Elias",553869,2024,351
"Grissom, Vaughn",687093,2026,155
"Herrera, Jose",645444,2024,114
"Adams, Jordyn",677941,2024,38
"Saggese, Thomas",695336,2025,295
"Foscue, Justin",679822,2024,44
"Locklear, Tyler",682988,2024,49
"Loperfido, Joey",694388,2026,66
"Vázquez, Christian",543877,2026,134
"Navarreto, Brian",640459,2025,15
"Vargas, Ildemaro",545121,2025,121
"Almonte, Abraham",501659,2023,16
"Lopez, Irving",676761,2023,12
"Keaschall, Luke",807712,2026,236
"Alonso, Pete",624413,2023,658
"Martini, Nick",605361,2023,79
"Taylor, Tyrone",621438,2024,345
"Refsnyder, Rob",608701,2024,307
"Knizner, Andrew",668800,2023,241
"Tolbert, Tyler",686475,2026,11
"Avans, Drew",682183,2025,18
"Abreu, José",547989,2024,120
"Lee, Brooks",686797,2026,229
"Happ, Ian",664023,2025,663
"Seager, Corey",608369,2025,445
"DeJong, Paul",657557,2024,482
"Butler, Lawrence",671732,2024,451
"Noda, Ryan",676116,2023,495
"Jackson, Alex",656577,2026,17
"Vierling, Matt",663837,2026,180
"Mayo, Coby",691723,2025,294
"Myers, Dane",667472,2023,70
"Hummel, Cooper",669450,2025,105
"Polanco, Jorge",593871,2024,469
"Rojas, Johan",679032,2023,164
"Benson, Will",666181,2026,107
"De La Cruz, Bryan",650559,2024,622
"Volpe, Anthony",683011,2026,59
"Fry, David",681807,2025,157
"Smith, Dominic",642086,2023,586
"Kirk, Alejandro",672386,2026,22
"Rodríguez, Johnathan",671286,2026,11
"Escarra, J.C.",641555,2025,98
"Lee, Brooks",686797,2024,185
"Swanson, Dansby",621020,2023,638
"Nevin, Tyler",663527,2023,111
"Ortega, Rafael",542364,2023,136
"Jiménez, Eloy",650391,2026,35
"Julks, Corey",667452,2023,323
"Soto, Juan",665742,2026,193
"Thomas, Lane",657041,2023,682
"Kelenic, Jarred",672284,2024,449
"Marchán, Rafael",665561,2026,67
"Gasper, Mickey",681508,2025,110
"Grossman, Robbie",543257,2023,420
"De La Cruz, Bryan",650559,2023,626
"Canha, Mark",592192,2023,507
"Kepler, Max",596146,2025,474
"Tovar, Ezequiel",678662,2025,390
"Cowser, Colton",681297,2024,561
"Capra, Vinny",681962,2025,105
"Arozarena, Randy",668227,2023,654
"Campusano, Luis",669134,2026,58
"Sheets, Gavin",657757,2025,545
"Stowers, Kyle",669065,2025,457
"Guerrero Jr., Vladimir",665489,2026,253
"Murphy, Tom",608596,2024,38
"Neto, Zach",687263,2025,554
"Farmer, Kyle",571657,2026,15
"Myers, Wil",571976,2023,141
"Jung, Josh",673962,2023,515
"Clement, Ernie",676391,2025,588
"O'Keefe, Brian",657247,2023,21
"Candelario, Jeimer",600869,2024,463
"Blanco, Dairon",680118,2024,132
"Black, Tyler",672012,2024,57
"Schwarber, Kyle",656941,2025,724
"Allen, Greg",656185,2023,28
"Haase, Eric",606992,2026,37
"Eldridge, Bryce",805811,2026,76
"India, Jonathan",663697,2024,637
"Ahmed, Nick",605113,2024,228
"Lee, Jung Hoo",808982,2025,617
"Crim, Blaine",688760,2025,74
"Acuña, Luisangel",682668,2025,193
"Mangum, Jake",663968,2025,428
"Peña, Jeremy",665161,2025,543
"Vientos, Mark",668901,2026,197
"Hayes, Ke'Bryan",663647,2024,396
"Allen, Nick",669397,2023,329
"Murphy, Sean",669221,2026,14
"Toglia, Michael",669911,2025,337
"Betts, Mookie",605141,2024,516
"Schmitt, Casey",669477,2024,113
"Biggio, Cavan",624415,2024,224
"Crews, Dylan",686611,2026,51
"Schuemann, Max",680474,2026,24
"Schuemann, Max",680474,2024,459
"Paredes, Isaac",670623,2023,571
"Scott II, Victor",687363,2024,155
"Vargas, Miguel",678246,2025,569
"Cron, C.J.",543068,2023,278
"Albies, Ozzie",645277,2026,267
"Lowe, Josh",666139,2024,387
"Nootbaar, Lars",663457,2025,583
"Pillar, Kevin",607680,2024,314
"Sosa, Edmundo",624641,2024,274
"Olivares, Edward",658668,2023,385
"Diaz, Yainer",673237,2024,619
"Winker, Jesse",608385,2024,508
"Rivas, Leo",660844,2024,86
"Wilson, Weston",642215,2023,22
"Longoria, Evan",446334,2023,237
"Pérez, Wenceel",672761,2025,383
"Freeland, Alex",690976,2025,97
"Alvarez, Yordan",670541,2024,635
"Heineman, Tyler",623168,2025,174
"Rojas, Johan",679032,2024,363
"Arcia, Orlando",606115,2023,533
"Amaya, Miguel",665804,2025,103
"Halpin, Petey",690984,2026,31
"Donovan, Brendan",680977,2026,101
"Schwarber, Kyle",656941,2026,259
"Crooks, Jimmy",699625,2025,46
"Mitchell, Garrett",669003,2024,224
"Larnach, Trevor",663616,2023,212
"Crews, Dylan",686611,2025,322
"Meadows, Parker",678009,2025,213
"Velázquez, Nelson",676369,2024,230
"Rengifo, Luis",650859,2023,445
"García, Adolis",666969,2025,547
"Benson, Will",666181,2023,329
"Alcántara, Kevin",682634,2025,12
"McCray, Grant",687529,2025,26
"Waters, Drew",671221,2023,337
"Contreras, Willson",575929,2024,358
"Rushing, Dalton",687221,2025,155
"Williams, Luke",663897,2025,34
"Polanco, Jorge",593871,2026,61
"Leblanc, Charles",641779,2024,28
"Tucker, Cole",657061,2023,10
"Palacios, Joshua",641943,2023,264
"Narváez, Carlos",665966,2026,122
"Walker, Christian",572233,2026,257
"Barrosa, Jorge",678489,2024,18
"Alexander, Blaze",677942,2026,144
"Gonzales, Nick",693304,2025,408
"Wendle, Joey",621563,2023,318
"Hoerner, Nico",663538,2026,281
"Bellinger, Cody",641355,2023,556
"McGonigle, Kevin",805808,2026,264
"Urshela, Gio",570482,2025,197
"Rosario, Eddie",592696,2024,319
"Díaz, Elias",553869,2023,526
"Ramírez, José",608070,2023,691
"Triolo, Jared",669707,2024,446
"García Jr., Luis",671277,2024,528
"Turner, Justin",457759,2023,626
"Hernández, Enrique",571771,2025,256
"Varsho, Daulton",662139,2023,581
"Bogaerts, Xander",593428,2025,552
"Steer, Spencer",668715,2024,656
"Young, Jacob",696285,2025,364
"Waters, Drew",671221,2024,19
"Azócar, José",640492,2024,79
"Bleday, JJ",668709,2026,141
"Colás, Oscar",693049,2024,38
"Murphy, Tom",608596,2023,159
"Bohm, Alec",664761,2026,229
"Siani, Michael",672279,2025,19
"Hoskins, Rhys",656555,2024,517
"Riley, Austin",663586,2023,715
"García, Avisaíl",541645,2023,118
"Abrams, CJ",682928,2026,265
"Alvarez Jr., Nacho",805373,2024,32
"Maldonado, Martín",455117,2023,407
"Velázquez, Nelson",676369,2026,15
"Gurriel, Yuli",493329,2025,40
"Vierling, Matt",663837,2024,567
"Goodman, Hunter",696100,2026,239
"Gallo, Joey",608336,2023,332
"Torres, Bryan",663494,2026,31
"Del Castillo, Adrian",680728,2026,131
"Marsee, Jakob",805300,2025,234
"Cortes, Carlos",666126,2026,165
"Chourio, Jackson",694192,2024,573
"India, Jonathan",663697,2023,529
"Merrill, Jackson",701538,2026,237
"Dunn, Blake",694362,2025,75
"Aranda, Jonathan",666018,2024,143
"Paris, Kyren",677347,2024,59
"O'Hearn, Ryan",656811,2023,368
"Robles, Victor",645302,2024,295
"Heim, Jonah",641680,2026,80
"Duran, Jarren",680776,2024,735
"Florial, Estevan",664314,2024,111
"De La Cruz, Elly",682829,2023,427
"Trout, Mike",545361,2024,126
"Schwarber, Kyle",656941,2023,720
"Sosa, Lenyn",672820,2025,544
"Fernandez, Jose",699912,2026,173
"Suwinski, Jack",669261,2025,178
"Miranda, Jose",669304,2024,429
"Díaz, Aledmys",649557,2024,34
"McCutchen, Andrew",457705,2023,473
"Dingler, Dillon",693307,2026,231
"Langford, Wyatt",694671,2024,557
"Siri, Jose",642350,2026,28
"Altuve, Jose",514888,2026,185
"Stanton, Giancarlo",519317,2023,415
"Barrosa, Jorge",678489,2026,102
"Carroll, Corbin",682998,2026,249
"Jordan, Levi",682119,2024,11
"Whitcomb, Shay",694376,2024,46
"Arraez, Luis",650333,2023,617
"Busch, Michael",683737,2025,592
"Fletcher, Dominic",666150,2023,102
"Henderson, Gunnar",683002,2026,280
"Donaldson, Josh",518626,2023,189
"Lee, Korey",686676,2025,40
"Mountcastle, Ryan",663624,2023,470
"Judge, Aaron",592450,2023,458
"Tena, José",677588,2025,169
"Trejo, Alan",676701,2025,43
"Volpe, Anthony",683011,2024,689
"Naylor, Josh",647304,2023,495
"Freeman, Freddie",518692,2023,730
"Mountcastle, Ryan",663624,2025,357
"Betts, Mookie",605141,2026,122
"Schuemann, Max",680474,2025,213
"Wade Jr., LaMonte",664774,2024,401
"Burdick, Peyton",680814,2023,37
"Raley, Luke",670042,2024,455
"Kessinger, Grae",666197,2024,25
"Soderstrom, Tyler",691016,2025,624
"La Stella, Tommy",600303,2023,24
"Wiemer, Joey",686894,2025,61
"Wong, Connor",657136,2024,487
"Cook, Billy",695257,2026,21
"Lindor, Francisco",596019,2026,105
"Teodosio, Bryce",669326,2026,51
"Call, Alex",669743,2025,322
"Hamilton, David",666152,2024,317
"Bader, Harrison",664056,2023,344
"Campero, Gustavo",672569,2024,48
"Tatis Jr., Fernando",665487,2025,691
"Arias, Gabriel",672356,2026,32
"Lee, Brooks",686797,2025,527
"Dubón, Mauricio",643289,2026,230
"Farmer, Kyle",571657,2025,300
"Joe, Connor",656582,2025,80
"Suárez, Eugenio",553993,2024,640
"Baldwin, Drake",686948,2025,446
"Bart, Joey",663698,2026,62
"Machado, Manny",592518,2025,678
"Thomas, Lane",657041,2025,142
"Baty, Brett",683146,2024,171
"Kessinger, Grae",666197,2023,45
"Wiemer, Joey",686894,2026,83
"Taveras, Leody",665750,2025,180
"Drury, Brandon",592273,2024,360
"Walls, Taylor",670764,2024,252
"Flores, Wilmer",527038,2025,463
"Reynolds, Bryan",668804,2023,640
"Manzardo, Kyle",700932,2025,531
"Betts, Mookie",605141,2023,693
"Andujar, Miguel",609280,2025,341
"English, Tristin",663536,2025,23
"Bell, Josh",605137,2023,617
"Muncy, Max",691777,2026,104
"Chapman, Matt",656305,2024,647
"Busch, Michael",683737,2026,269
"Bae, Ji Hwan",678225,2025,25
"Carlson, Dylan",666185,2025,241
"Wagaman, Eric",676572,2024,74
"Olson, Matt",621566,2023,720
"Yorke, Nick",694377,2024,42
"Cruz, Oneil",665833,2026,271
"Murakami, Munetaka",808959,2026,246
"Olson, Matt",621566,2024,685
"Nola, Austin",543592,2023,154
"Peguero, Liover",678894,2023,213
"Norby, Connor",681393,2026,203
"Odor, Rougned",596059,2023,157
"Wall, Forrest",657088,2023,15
"Marchán, Rafael",665561,2025,118
"Espinal, Santiago",669289,2026,47
"Cabrera, Oswaldo",665828,2024,326
"Dalbec, Bobby",666915,2025,21
"Beck, Jordan",687597,2025,588
"Freeman, Tyler",671289,2026,157
"Kirilloff, Alex",666135,2024,178
"Lopez, Otto",672640,2026,262
"Gonzalez, Oscar",660757,2025,61
"Lowe, Brandon",664040,2023,436
"Lockridge, Brandon",663604,2026,96
"Martínez, Angel",682657,2026,209
"Paredes, Isaac",670623,2026,235
"Tolbert, Tyler",686475,2025,57
"Abrams, CJ",682928,2025,635
"Andujar, Miguel",609280,2023,90
"Baker, Luken",663609,2023,99
"Bericoto, Victor",682674,2026,12
"Baldwin, Brooks",681460,2025,328
"Verdugo, Alex",657077,2025,213
"Eaton, Nate",681987,2025,90
"Haniger, Mitch",571745,2024,423
"Realmuto, J.T.",592663,2025,550
"Gonzalez, Jacob",694378,2026,16
"Sweeney, Trey",700242,2025,326
"Young, Jared",676724,2026,51
"Murray, Tanner",695020,2026,33
"Sánchez, Jesús",660821,2026,187
"Yoshida, Masataka",807799,2026,138
"Fortes, Nick",663743,2024,335
"Sabol, Blake",666165,2024,38
"Williams, Carson",700246,2025,106
"Lipscomb, Trey",702358,2024,211
"Palacios, Joshua",641943,2024,78
"Westbrook, Jamie",642197,2024,48
"Haggerty, Sam",664059,2025,182
"Ortiz, Joey",687401,2024,511
"Taylor, Michael A.",572191,2023,388
"Moreno, Gabriel",672515,2025,309
"Kirk, Alejandro",672386,2024,386
"Raley, Luke",670042,2025,219
"Keirsey Jr., DaShawn",680577,2025,88
"Witt Jr., Bobby",677951,2026,275
"Domínguez, Jasson",691176,2025,429
"Vázquez, Luis",676679,2025,53
"Lewis, Royce",668904,2025,403
"Mauricio, Ronny",677595,2026,32
"Matthews, Brice",694728,2025,47
"Anderson, Brian",605119,2023,361
"Robert Jr., Luis",673357,2023,595
"Canario, Alexander",672744,2023,17
"Castellanos, Nick",592206,2026,122
"France, Ty",664034,2023,665
"Short, Zack",670097,2023,253
"Vaughn, Andrew",683734,2026,77
"Rutschman, Adley",668939,2024,638
"Lopez, Otto",672640,2025,594
"O'Neill, Tyler",641933,2023,266
"Garver, Mitch",641598,2026,91
"Ozuna, Marcell",542303,2025,592
"Moniak, Mickey",666160,2023,323
"Friedl, TJ",670770,2023,556
"Mitchell, Garrett",669003,2026,184
"Goldschmidt, Paul",502671,2026,136
"Fitzgerald, Tyler",666149,2025,243
"Barnhart, Tucker",571466,2025,15
"Yorke, Nick",694377,2025,72
"Rivera, Emmanuel",656896,2025,127
"Rivera, Emmanuel",656896,2024,302
"McCormick, Chas",676801,2023,457
"Dunn, Blake",694362,2026,82
"Young, Jared",676724,2023,47
"Marcano, Tucupita",672779,2023,220
"Gurriel Jr., Lourdes",666971,2026,102
"Freeman, Tyler",671289,2024,383
"Clemens, Kody",665019,2025,386
"Martínez, Angel",682657,2025,484
"Horwitz, Spencer",687462,2026,218
"Heim, Jonah",641680,2025,433
"Vargas, Ildemaro",545121,2026,222
"Kemp, Otto",805249,2025,218
"Mateo, Jorge",622761,2023,350
"Donovan, Brendan",680977,2025,515
"Schoop, Jonathan",570731,2023,151
"Barrosa, Jorge",678489,2025,77
"Cronenworth, Jake",630105,2026,114
"Sweeney, Trey",700242,2024,119
"Walls, Taylor",670764,2025,317
"Alvarez Jr., Nacho",805373,2025,208
"Ohtani, Shohei",660271,2025,727
"Arcia, Orlando",606115,2026,31
"Marte, Ketel",606466,2026,251
"Biggio, Cavan",624415,2025,83
"Frelick, Sal",686217,2023,223
"Kingery, Scott",664068,2025,29
"Wells, Austin",669224,2024,414
"O'Hearn, Ryan",656811,2026,193
"Devers, Rafael",646240,2025,729
"Rivas, Leo",660844,2026,120
"McCutchen, Andrew",457705,2024,515
"Rengifo, Luis",650859,2024,304
"Guerrero Jr., Vladimir",665489,2025,680
"Maton, Nick",665155,2023,293
"Madris, Bligh",676632,2023,30
"Bohm, Alec",664761,2024,606
"Durán, Rodolfo",660710,2026,30
"Díaz, Yandy",650490,2024,621
"Swanson, Dansby",621020,2026,232
"Rogers, Jake",668670,2025,142
"Gasper, Mickey",681508,2024,23
"Rizzo, Anthony",519203,2023,421
"Diaz, Yainer",673237,2023,377
"Rice, Ben",700250,2026,238
"Kelenic, Jarred",672284,2026,59
"Rodríguez, Julio",677594,2024,613
"Williams, Alika",675961,2023,112
"Chapman, Matt",656305,2026,256
"Wendzel, Davis",673995,2024,49
"DeJong, Paul",657557,2023,400
"McNeil, Jeff",643446,2023,648
"Tromp, Chadwick",644433,2026,27
"León, Sandy",506702,2025,12
"Hampson, Garrett",641658,2025,91
"Kaiser, Connor",663731,2025,19
"Capel, Conner",668843,2023,86
"Melendez, MJ",669004,2025,65
"Nimmo, Brandon",607043,2024,663
"Ramos, Heliot",671218,2025,695
"Choi, Ji Man",596847,2023,117
"Seymour, Bob",676044,2025,83
"Davidson, Logan",669722,2025,47
"Muncy, Max",571970,2024,293
"Scott II, Victor",687363,2025,463
"Ballesteros, Moisés",694208,2025,66
"Encarnacion-Strand, Christian",687952,2023,241
"Johnson, Daniel",669288,2025,57
"Young, Cole",702284,2025,257
"Frazier, Adam",624428,2024,294
"Moncada, Yoán",660162,2023,357
"Fulford, Braxton",690924,2026,23
"Tucker, Kyle",663656,2026,253
"Mervis, Matt",670223,2023,99
"Turang, Brice",668930,2026,253
"Williams, Alika",675961,2024,96
"Rutschman, Adley",668939,2026,186
"Toro, Abraham",647351,2025,284
"Jung, Josh",673962,2025,511
"Valdez, Esmerlyn",699013,2026,18
"Schneider, Davis",676914,2026,89
"Contreras, William",661388,2026,245
"Tromp, Chadwick",644433,2025,22
"Rortvedt, Ben",666163,2024,328
"Daza, Yonathan",602074,2023,80
"Lawlar, Jordan",691783,2026,20
"Dingler, Dillon",693307,2024,87
"Horwitz, Spencer",687462,2025,411
"Kirk, Alejandro",672386,2023,422
"Chavis, Michael",656308,2023,96
"Dezenzo, Zach",701305,2024,65
"Carpenter, Kerry",681481,2026,129
"Pérez, Wenceel",672761,2026,158
"Heyward, Jason",518792,2023,377
"Encarnacion, Jerar",666464,2026,35
"Feduccia, Hunter",676439,2026,82
"Henderson, Gunnar",683002,2023,622
"Massey, Michael",686681,2024,356
"Buxton, Byron",621439,2025,542
"Kwan, Steven",680757,2026,242
"Bellinger, Cody",641355,2024,569
"Renfroe, Hunter",592669,2025,108
"Miller, Brad",543543,2023,67
"Jones, Spencer",682987,2026,27
"Veen, Zac",691728,2025,37
"Perez, Salvador",521692,2026,247
"Crawford, J.P.",641487,2026,231
"Muncy, Max",691777,2025,220
"Hernández, Heriberto",681715,2025,294
"Taylor, Tyrone",621438,2025,341
"Soto, Livan",670869,2024,16
"India, Jonathan",663697,2026,58
"Benge, Carson",701807,2026,230
"Taylor, Tyrone",621438,2023,243
"Turner, Justin",457759,2024,539
"Contreras, William",661388,2024,679
"Cronenworth, Jake",630105,2023,522
"Berti, Jon",542932,2025,107
"Contreras, Willson",575929,2025,563
"Sánchez, Gary",596142,2023,267
"MacIver, Willie",680862,2025,111
"Gray, Tristan",656484,2025,86
"Goodrum, Niko",592348,2024,33
"Cabrera, Oswaldo",665828,2023,330
"Schwarber, Kyle",656941,2024,692
"Anderson, Tim",641313,2023,524
"Chisholm Jr., Jazz",665862,2025,531
"Montes, Coco",663796,2023,41
"Ramos, Henry",592656,2023,86
"House, Brady",691781,2026,177
"Del Castillo, Adrian",680728,2024,87
"McCann, James",543510,2026,62
"Driscoll, Logan",686482,2024,37
"Peraza, Oswald",672724,2025,265
"Gonzales, Nick",693304,2023,128
"Mead, Curtis",678554,2023,92
"Urías, Ramón",602104,2023,396
"Pérez, Carlos",542208,2023,189
"Bolte, Henry",703607,2026,65
"Gilbert, Drew",687551,2026,127
"Ohtani, Shohei",660271,2026,270
"Harris, Dustin",687957,2025,43
"Schneider, Davis",676914,2024,454
"Amaya, Miguel",665804,2024,363
"DeLauter, Chase",800050,2026,241
"Miranda, Jose",669304,2025,36
"Meneses, Joey",608841,2023,657
"Siri, Jose",642350,2023,364
"Mathias, Mark",664029,2023,72
"Gordon, Nick",624503,2023,93
"Haggerty, Sam",664059,2026,47
"Sánchez, Jesús",660821,2025,497
"Moniak, Mickey",666160,2025,461
"Bouchard, Sean",656248,2025,73
"Shaw, Matt",807713,2026,104
"Raleigh, Cal",663728,2026,181
"Serven, Brian",661531,2024,71
"Herrera, Iván",671056,2024,259
"Smith, Pavin",656976,2023,228
"Rooker, Brent",667670,2026,184
"Neto, Zach",687263,2026,274
"Bell, Josh",605137,2026,241
"Mauricio, Ronny",677595,2023,108
"Rodríguez, Endy",682848,2026,44
"Andujar, Miguel",609280,2026,186
"Conforto, Michael",624424,2024,488
"Stevenson, Cal",670276,2024,27
"Barnes, Austin",605131,2024,156
"Bohm, Alec",664761,2023,611
"White, Eli",642201,2026,76
"Dalbec, Bobby",666915,2024,93
"Rutschman, Adley",668939,2025,365
"Triolo, Jared",669707,2023,209
"Acuña, Luisangel",682668,2026,118
"Rosario, Eddie",592696,2023,516
"Urías, Luis",649966,2023,177
"Robertson, Will",683770,2025,75
"Brooks, Trenton",670092,2025,43
"Cook, Billy",695257,2024,49
"Solano, Donovan",456781,2025,179
"Locklear, Tyler",682988,2025,116
"Wall, Forrest",657088,2024,35
"Baty, Brett",683146,2026,207
"Yepez, Juan",660766,2024,249
"Thompson, Sterlin",694514,2026,45
"Harrison, Josh",543281,2023,114
"Smith, Cam",701358,2026,235
"Fraley, Jake",641584,2024,382
"Isbel, Kyle",664728,2025,409
"Naylor, Josh",647304,2025,604
"Suzuki, Seiya",673548,2026,204
"Duran, Ezequiel",677649,2024,285
"Stowers, Kyle",669065,2023,33
"Brito, Juan",682877,2026,56
"Ornelas, Jonathan",680716,2025,10
"Jeffers, Ryan",680777,2025,464
"Salazar, César",663967,2024,32
"Buxton, Byron",621439,2023,347
"Lester, Josh",623507,2023,23
"Merrill, Jackson",701538,2024,593
"Call, Alex",669743,2023,439
"O'Neill, Tyler",641933,2026,115
"Harris II, Michael",671739,2025,641
"Thomas, Alek",677950,2025,469
"Winn, Masyn",691026,2025,537
"Valdez, Enmanuel",665839,2023,149
"Hensley, David",682073,2023,94
"Pereda, Jhonny",640902,2026,45
"McCutchen, Andrew",457705,2026,83
"Tromp, Chadwick",644433,2023,16
"Myers, Dane",667472,2026,100
"Cabrera, Oswaldo",665828,2025,122
"Pasquantino, Vinnie",686469,2025,682
"Kirk, Alejandro",672386,2025,506
"Saggese, Thomas",695336,2026,82
"Goodman, Hunter",696100,2024,224
"Merrifield, Whit",593160,2023,592
"Judge, Aaron",592450,2025,679
"Laureano, Ramón",657656,2026,206
"White, Eli",642201,2024,42
"Lee, Korey",686676,2023,70
"Garcia, Maikel",672580,2024,626
"Hoerner, Nico",663538,2023,688
"Grisham, Trent",663757,2025,581
"Julien, Edouard",666397,2026,170
"Witt Jr., Bobby",677951,2024,709
"Wilson, Weston",642215,2026,46
"Rivero, Sebastián",665861,2026,49
"Brantley, Michael",488726,2023,57
"Sánchez, Ali",645305,2024,96
"Schneemann, Daniel",682177,2024,221
"Helman, Michael",680737,2024,10
"Kennedy, Buddy",671083,2024,26
"Stewart, Sal",701398,2026,265
"Peraza, Oswald",672724,2026,189
"Johnston, Troy",687859,2025,121
"Canzone, Dominic",686527,2026,148
"Paredes, Isaac",670623,2025,438
"Young, Jacob",696285,2023,121
"Pinto, René",650907,2023,105
"Gelof, Zack",680869,2025,101
"France, Ty",664034,2024,535
"Adell, Jo",666176,2023,62
"Fitzgerald, Ryan",680837,2025,53
"Springer, George",543807,2024,614
"Naylor, Bo",666310,2026,90
"Freeman, Freddie",518692,2026,259
"Castro, Willi",650489,2026,196
"Bader, Harrison",664056,2025,501
"Encarnacion, Jerar",666464,2025,56
"Pillar, Kevin",607680,2025,43
"Haase, Eric",606992,2024,69
"García Jr., Luis",671277,2023,482
"Baddoo, Akil",668731,2023,357
"Ellis, Drew",656403,2023,29
"Soto, Livan",670869,2023,12
"Simpson, Chandler",802415,2025,441
"Carter, Evan",694497,2025,220
"Matos, Luis",682641,2024,156
"Hernández, Enrique",571771,2023,508
"Merrill, Jackson",701538,2025,483
"León, Sandy",506702,2023,44
"Reynolds, Bryan",668804,2026,268
"Jackson, Alex",656577,2024,155
"Machado, Manny",592518,2023,601
"Montero, Elehuris",660707,2023,307
"Anderson, Tim",641313,2025,90
"Pérez, Wenceel",672761,2024,425
"Thomas, Alek",677950,2024,103
"Madrigal, Nick",663611,2023,294
"Tatis Jr., Fernando",665487,2026,253
"Santander, Anthony",623993,2025,221
"Outman, James",681546,2023,567
"Harris, Dustin",687957,2026,52
"Ortega, Rafael",542364,2024,17
"Canario, Alexander",672744,2024,28
"Yorke, Nick",694377,2026,86
"Taylor, Tyrone",621438,2026,104
"Holliday, Jackson",702616,2026,43
"Herrera, Iván",671056,2026,272
"Eldridge, Bryce",805811,2025,37
"Stewart, DJ",621466,2023,185
"Lukes, Nathan",664770,2023,31
"O'Neill, Tyler",641933,2024,473
"Sullivan, Brett",664954,2026,89
"Sogard, Nick",686765,2025,104
"Caminero, Junior",691406,2025,653
"Kiner-Falefa, Isiah",643396,2025,459
"Thomas, Lane",657041,2026,137
"Outman, James",681546,2025,148
"DeLuca, Jonny",676356,2024,362
"Cooper, Garrett",643265,2023,457
"Adrianza, Ehire",501303,2023,11
"Encarnacion, Jerar",666464,2024,119
"Urías, Luis",649966,2024,109
"Kim, Ha-Seong",673490,2026,54
"Chang, Yu",644374,2023,112
"Hilliard, Sam",656541,2023,78
"Alexander, CJ",680769,2025,17
"Mastrobuoni, Miles",670156,2023,149
"Hedges, Austin",595978,2025,180
"Jeffers, Ryan",680777,2024,465
"Melton, Jacob",689200,2025,78
"Adames, Willy",642715,2025,686
"Quero, Edgar",700337,2026,141
"Norby, Connor",681393,2025,337
"Thomas, Colby",687515,2025,132
"Pederson, Joc",592626,2024,449
"Saggese, Thomas",695336,2024,52
"Biggio, Cavan",624415,2023,338
"Ford, Mike",645801,2023,251
"Rafaela, Ceddanne",678882,2024,571
"Bailey, Patrick",672275,2025,452
"DeLuca, Jonny",676356,2026,125
"Moncada, Yoán",660162,2026,130
"Freeman, Cody",683227,2025,121
"Perdomo, Geraldo",672695,2024,388
"Laureano, Ramón",657656,2023,404
"India, Jonathan",663697,2025,567
"Rosario, Amed",642708,2024,346
"Call, Alex",669743,2026,80
"Arraez, Luis",650333,2026,257
"Tatis Jr., Fernando",665487,2024,438
"Marsh, Brandon",669016,2024,476
"Paris, Kyren",677347,2025,140
"Smith, Dominic",642086,2024,307
"Grissom, Vaughn",687093,2024,114
"Rojas, Josh",668942,2024,476
"Soto, Juan",665742,2024,713
"Duffy, Matt",622110,2024,10
"Davis, J.D.",605204,2023,546
"Basallo, Samuel",694212,2025,118
"Baty, Brett",683146,2023,389
"Osuna, Alejandro",696030,2026,110
"Marsee, Jakob",805300,2026,259
"Vargas, Miguel",678246,2026,267
"Turang, Brice",668930,2024,619
"Schanuel, Nolan",694384,2025,564
"Pérez, Roberto",547379,2023,17
"Johnson, Bryce",669369,2025,84
"Newman, Kevin",621028,2024,311
"Turner, Trea",607208,2025,639
"Rivas III, Alfonso",663845,2023,123
"McKinney, Billy",641856,2025,21
"Ibáñez, Andy",628451,2026,26
"Lowe, Brandon",664040,2026,247
"Williams, Luke",663897,2023,19
"Marte, Starling",516782,2026,68
"Ballesteros, Moisés",694208,2026,148
"Julien, Edouard",666397,2024,301
"Eaton, Nate",681987,2023,56
"Gonzales, Nick",693304,2026,226
"Barrero, José",676480,2025,31
"Santander, Anthony",623993,2024,665
"Aranda, Jonathan",666018,2025,422
"Stallings, Jacob",607732,2025,129
"Misner, Kameron",670224,2024,15
"Cooper, Garrett",643265,2024,116
"Devers, Rafael",646240,2026,260
"Sosa, Edmundo",624641,2025,261
"Lawlar, Jordan",691783,2023,34
"Kelly, Carson",608348,2026,163
"Wilson, Weston",642215,2025,125
"Ruiz, Esteury",665923,2024,65
"Siani, Michael",672279,2024,334
"Gray, Tristan",656484,2024,31
"Gallo, Joey",608336,2024,260
"Wilson, Jacob",805779,2025,523
"Lipcius, Andre",686531,2023,38
"Smith, Dominic",642086,2026,137
"Semien, Marcus",543760,2024,718
"Domínguez, Jasson",691176,2026,32
"Thaiss, Matt",642136,2023,307
"Acuña Jr., Ronald",660670,2026,216
"Brosseau, Mike",670712,2023,78
"Thomas, Cody",642137,2023,46
"Newman, Kevin",621028,2025,116
"Carpenter, Kerry",681481,2023,459
"Schmitt, Casey",669477,2026,225
"Tellez, Rowdy",642133,2024,421
"Merrifield, Whit",593160,2024,335
"Rojas, Josh",668942,2023,350
"Caratini, Victor",605170,2025,386
"Monasterio, Andruw",655316,2025,135
"Bichette, Bo",666182,2024,336
"Duran, Jarren",680776,2023,362
"Hernández, Teoscar",606192,2026,204
"Hoerner, Nico",663538,2024,641
"Hoskins, Rhys",656555,2026,169
"Smith, Dominic",642086,2025,225
"Arias, Gabriel",672356,2023,345
"Julien, Edouard",666397,2023,408
"León, Sandy",506702,2026,28
"Knizner, Andrew",668800,2025,88
"Sosa, Lenyn",672820,2024,369
"Gomes, Yan",543228,2024,96
"Shenton, Austin",668853,2024,50
"Crawford, J.P.",641487,2025,654
"Lewis, Royce",668904,2023,239
"Koss, Christian",683766,2026,15
"Clase, Jonatan",682729,2025,112
"Doyle, Brenton",686668,2025,538
"Wade Jr., LaMonte",664774,2025,242
"Moncada, Yoán",660162,2024,45
"Springer, George",543807,2025,586
"Maile, Luke",571912,2025,54
"Rodgers, Brendan",663898,2024,539
"Friedl, TJ",670770,2025,685
"Bailey, Patrick",672275,2026,127
"Raleigh, Cal",663728,2025,705
"Nimmo, Brandon",607043,2026,263
"Mauricio, Ronny",677595,2025,184
"Bauers, Jake",641343,2024,346
"Iglesias, Jose",578428,2025,343
"Alonso, Pete",624413,2025,709
"Blankenhorn, Travis",663905,2023,37
"Ruiz, Esteury",665923,2025,23
"Tucker, Kyle",663656,2023,674
"Fitzgerald, Tyler",666149,2023,34
"Profar, Jurickson",595777,2023,521
"Haseley, Adam",656514,2023,39
"Jackson, Alex",656577,2025,100
"Stephenson, Tyler",663886,2025,342
"Grissom, Vaughn",687093,2023,80
"Velázquez, Nelson",676369,2023,179
"Fraley, Jake",641584,2023,380
"Tena, José",677588,2023,34
"Lile, Daylen",695734,2026,273
"Isbel, Kyle",664728,2026,167
"Wisely, Brett",689172,2024,272
"Keith, Colt",690993,2025,468
"Trout, Mike",545361,2025,556
"Hamilton, David",666152,2026,164
"Waldschmidt, Ryan",814439,2026,90
"Montgomery, Colson",695657,2026,256
"Santana, Carlos",467793,2024,594
"Díaz, Yandy",650490,2023,600
"Thomas, Alek",677950,2026,100
"Knizner, Andrew",668800,2024,93
"Walker, Jordan",691023,2023,465
"Thomas, Lane",657041,2024,528
"Walker, Jordan",691023,2026,251
"Perkins, Blake",663368,2025,171
"Winker, Jesse",608385,2023,197
"Freeman, Freddie",518692,2024,638
"Burleson, Alec",676475,2026,256
"Urías, Ramón",602104,2024,301
"Robles, Victor",645302,2026,26
"Profar, Jurickson",595777,2024,668
"León, Pedro",694175,2024,21
"Peguero, Liover",678894,2024,10
"Ornelas, Jonathan",680716,2024,40
"Diaz, Jordan",672478,2023,293
"Winker, Jesse",608385,2025,81
"Young, Jacob",696285,2024,521
"Gurriel, Yuli",493329,2023,329
"Perkins, Blake",663368,2023,168
"Tawa, Tim",694374,2025,225
"Jones, Nolan",666134,2024,297
"Bruján, Vidal",660644,2024,278
"Thompson, Trayce",572204,2023,179
"Frazier, Adam",624428,2023,455
"Hummel, Cooper",669450,2023,26
"Garcia, Jhostynxon",691373,2026,34
"García Jr., Luis",671277,2025,526
"Rutherford, Blake",666164,2023,36
"Dubón, Mauricio",643289,2025,398
"Elko, Tim",671284,2025,72
"Tucker, Kyle",663656,2024,339
"Vientos, Mark",668901,2023,233
"Caissie, Owen",683357,2025,27
"Lee, Korey",686676,2024,394
"Correa, Carlos",621043,2024,367
"Sánchez, Jesús",660821,2024,537
"Horwitz, Spencer",687462,2024,381
"Monasterio, Andruw",655316,2024,142
"Bregman, Alex",608324,2023,724
"Torkelson, Spencer",679529,2025,649
"Brown, Seth",664913,2023,378
"Adames, Willy",642715,2023,638
"Sosa, Edmundo",624641,2023,300
"Batten, Matthew",676946,2023,139
"Trout, Mike",545361,2023,362
"Soto, Juan",665742,2023,708
"Turang, Brice",668930,2025,659
"Ward, Taylor",621493,2024,663
"Grossman, Robbie",543257,2024,245
"Murphy, Sean",669221,2024,264
"Stefanic, Michael",683021,2024,124
"Wagaman, Eric",676572,2025,514
"Gray, Tristan",656484,2026,114
"Stephenson, Tyler",663886,2024,515
"Davis, J.D.",605204,2024,157
"Jeffers, Ryan",680777,2023,335
"Refsnyder, Rob",608701,2026,90
"Carter, Evan",694497,2026,209
"Swanson, Dansby",621020,2024,593
"Dahl, David",621311,2024,62
"Pinto, René",650907,2024,49
"Chisholm Jr., Jazz",665862,2024,621
"Hayes, Ke'Bryan",663647,2026,128
"Rodriguez, Jesus",683679,2026,43
"Narváez, Omar",553882,2025,10
"Arenado, Nolan",571448,2024,635
"Baker, Luken",663609,2024,49
"Nimmo, Brandon",607043,2025,652
"Alberto, Hanser",593643,2023,90
"Refsnyder, Rob",608701,2023,243
"Massey, Michael",686681,2025,277
"Bogaerts, Xander",593428,2024,463
"Harris, Brett",695391,2024,123
"Clemens, Kody",665019,2023,148
"Calhoun, Willie",641432,2023,149
"Trevino, Jose",624431,2024,234
"Bruján, Vidal",660644,2023,84
"McGuire, Reese",624512,2023,206
"Young, Jacob",696285,2026,211
"Suzuki, Seiya",673548,2023,583
"Grichuk, Randal",545341,2026,81
"Lockridge, Brandon",663604,2024,12
"Verdugo, Alex",657077,2023,602
"Pasquantino, Vinnie",686469,2026,254
"Matos, Luis",682641,2025,184
"DeLuca, Jonny",676356,2025,59
"Jung, Jace",690291,2025,55
"Barnes, Austin",605131,2025,44
"Naylor, Bo",666310,2024,389
"Martin, Austin",668885,2024,257
"Peña, Jeremy",665161,2023,634
"Olson, Matt",621566,2025,724
"Arenado, Nolan",571448,2025,436
"Betts, Mookie",605141,2025,663
"Simon, Ronny",682927,2025,88
"Estrada, Thairo",642731,2025,165
"Rosario, Amed",642708,2025,191
"Schunk, Aaron",668845,2024,98
"Brooks, Trenton",670092,2024,29
"Sanoja, Javier",691594,2026,139
"Madrigal, Nick",663611,2024,94
"Greene, Riley",682985,2023,416
"Vosler, Jason",613564,2024,30
"Ibáñez, Andy",628451,2024,244
"Blanco, Dairon",680118,2023,138
"Marte, Starling",516782,2025,329
"Karros, Kyle",691720,2025,156
"Hoskins, Rhys",656555,2025,328
"Edwards, Xavier",669364,2024,303
"Fernández, Yanquiel",692585,2025,147
"García, Adolis",666969,2024,637
"Stubbs, Garrett",596117,2024,187
"Lowe, Nathaniel",663993,2025,609
"Gonzalez, Romy",663853,2023,97
"Bradley Jr., Jackie",598265,2023,113
"Pages, Andy",681624,2026,257
"Bernabel, Warming",682653,2025,146
"Altuve, Jose",514888,2023,410
"Walls, Taylor",670764,2026,155
"Bregman, Alex",608324,2025,495
"Hinds, Rece",677956,2024,51
"Winkler, Jack",676466,2025,16
"Salazar, César",663967,2026,22
"Chourio, Jackson",694192,2026,113
"Kiner-Falefa, Isiah",643396,2026,90
"Frelick, Sal",686217,2026,210
"Pham, Tommy",502054,2023,481
"Gelof, Zack",680869,2023,300
"Suárez, Eugenio",553993,2026,142
"Hinds, Rece",677956,2025,44
"Prieto, César",693409,2026,17
"Moore, Christian",695681,2025,184
"Anderson, Tim",641313,2024,241
"Burleson, Alec",676475,2023,347
"Frazier, Adam",624428,2025,459
"Rojas, Josh",668942,2025,211
"Gurriel Jr., Lourdes",666971,2025,546
"Peters, Tristan",671976,2026,170
"Adell, Jo",666176,2024,451
"Taylor, Michael A.",572191,2025,325
"Hurtubise, Jacob",674441,2024,68
"Davis, Jonathan",641505,2023,104
"Ruf, Darin",573131,2023,57
"Bryant, Kris",592178,2025,41
"Kennedy, Buddy",671083,2025,32
"Robinson, Chuckie",642020,2024,76
"France, Ty",664034,2026,116
"Rodgers, Brendan",663898,2025,128
"Palacios, Richie",680700,2023,102
"Garlick, Kyle",664247,2023,30
"Johnson, Bryce",669369,2024,73
"Hensley, David",682073,2024,58
"Rodríguez, Endy",682848,2023,204
"Black, Tyler",672012,2026,28
"Stowers, Kyle",669065,2026,167
"Ramos, Heliot",671218,2026,176
"Gordon, Nick",624503,2024,275
"Ahmed, Nick",605113,2023,210
"Nola, Austin",543592,2025,41
"Alonso, Pete",624413,2024,695
"Báez, Javier",595879,2024,289
"Valdez, Enmanuel",665839,2024,223
"Matthews, Brice",694728,2026,161
"Ohtani, Shohei",660271,2024,731
"Thompson, Bubba",669352,2024,18
"Farmer, Kyle",571657,2024,242
"Polanco, Jorge",593871,2025,524
"Alvarez, Yordan",670541,2023,496
"Perdomo, Geraldo",672695,2025,720
"Whitcomb, Shay",694376,2026,18
"Taylor, Chris",621035,2024,246
"Cowser, Colton",681297,2025,360
"Rojas, Miguel",500743,2024,337
"Johnson, Daniel",669288,2026,17
"Pauley, Graham",688363,2025,184
"Azócar, José",640492,2025,21
"Kayfus, CJ",692216,2026,25
"Hassell III, Robert",690987,2025,206
"Albies, Ozzie",645277,2025,667
"Colás, Oscar",693049,2023,263
"Trammell, Taylor",666211,2023,56
"Gorman, Nolan",669357,2025,402
"Wood, James",695578,2025,689
"Zunino, Mike",572287,2023,140
"Jiménez, Leo",677870,2024,210
"Lowe, Nathaniel",663993,2023,724
"Tucker, Kyle",663656,2025,597
"Larnach, Trevor",663616,2024,400
"Delay, Jason",641511,2024,19
"Turner, Trea",607208,2023,691
"Narváez, Carlos",665966,2025,446
"Meadows, Parker",678009,2024,298
"Senger, Hayden",663584,2025,78
"Rocchio, Brayan",677587,2023,86
"Torrens, Luis",620443,2025,283
"Manzardo, Kyle",700932,2024,156
"Bogaerts, Xander",593428,2023,665
"Perdomo, Geraldo",672695,2023,495
"Judge, Aaron",592450,2024,704
"Fry, David",681807,2026,95
"Calhoun, Kole",594777,2023,174
"Chisholm Jr., Jazz",665862,2026,237
"Encarnacion-Strand, Christian",687952,2025,137
"Taylor, Samad",669392,2023,69
"Wells, Austin",669224,2023,75
"Outman, James",681546,2026,68
"Hiura, Keston",669374,2025,21
"Margot, Manuel",622534,2024,343
"Muncy, Max",571970,2023,579
"Yastrzemski, Mike",573262,2025,558
"Stevens, Chad",677060,2026,25
"Malloy, Justyn-Henry",669234,2024,230
"Andrus, Elvis",462101,2023,406
"Massey, Michael",686681,2023,461
"Rooker, Brent",667670,2024,614
"Berti, Jon",542932,2023,424
"Taylor, Chris",621035,2025,125
"Dunn, Oliver",686554,2024,104
"Guerrero Jr., Vladimir",665489,2023,682
"Fermin, Freddy",666023,2023,235
"Carlson, Dylan",666185,2024,265
"Toro, Abraham",647351,2024,364
"Hernaiz, Darell",687231,2024,135
"Freeman, Tyler",671289,2025,428
"Schmitt, Casey",669477,2025,348
"Rave, John",670231,2025,175
"Heim, Jonah",641680,2023,501
"Winn, Masyn",691026,2026,229
"Malloy, Justyn-Henry",669234,2025,127
"Millas, Drew",686452,2024,62
"Karros, Kyle",691720,2026,203
"Wong, Connor",657136,2025,188
"Marte, Ketel",606466,2024,583
"Waters, Drew",671221,2025,219
"Cowser, Colton",681297,2023,77
"Thaiss, Matt",642136,2025,190
"Bart, Joey",663698,2023,95
"Ritter, Ryan",690022,2025,207
"Greene, Riley",682985,2024,584
"Springer, George",543807,2023,683
"France, Ty",664034,2025,490
"Davis, Henry",680779,2023,255
"Soderstrom, Tyler",691016,2026,246
"Jones, Jahmai",663330,2024,47
"Lawlar, Jordan",691783,2025,74
"Schunk, Aaron",668845,2025,33
"Joe, Connor",656582,2024,416
"Velazquez, Andrew",623205,2023,94
"Beavers, Dylan",687637,2026,119
"Wynns, Austin",642851,2025,110
"Duvall, Adam",594807,2024,330
"Jones, Nolan",666134,2023,424
"Duran, Jarren",680776,2026,247
"Rafaela, Ceddanne",678882,2025,587
"Kjerstad, Heston",677008,2025,167
"Luplow, Jordan",656669,2023,90
"Workman, Gage",669398,2026,38
"McGuire, Reese",624512,2026,34
"Bruján, Vidal",660644,2026,10
"Semien, Marcus",543760,2023,753
"Paris, Kyren",677347,2023,46
"Hall, Darick",669742,2023,56
"Burger, Jake",669394,2024,579
"Carroll, Corbin",682998,2025,642
"Remillard, Zach",621545,2023,160
"Meckler, Wade",685133,2026,38
"Bote, David",623520,2024,48
"Davis, Henry",680779,2024,122
"Pagés, Pedro",686780,2026,128
"Caminero, Junior",691406,2026,260
"Ramírez, Harold",623912,2024,246
"Jansen, Danny",643376,2024,324
"Casas, Triston",671213,2024,243
"Realmuto, J.T.",592663,2023,540
"Fermin, Freddy",666023,2026,116
"Melendez, MJ",669004,2026,99
"Cronenworth, Jake",630105,2024,656
"Urshela, Gio",570482,2023,228
"Hernández, Heriberto",681715,2026,120
"Vargas, Miguel",678246,2024,237
"Pasquantino, Vinnie",686469,2023,260
"Nido, Tomás",621512,2025,37
"Smith, Josh",669701,2024,592
"Seager, Corey",608369,2024,533
"Martinez, J.D.",502110,2023,479
"Rosario, Eguy",666703,2023,37
"Walton, Donovan",622268,2026,40
"Julks, Corey",667452,2024,189
"Zavala, Seby",664874,2024,43
"Dubón, Mauricio",643289,2023,492
"Witt Jr., Bobby",677951,2025,687
"Tawa, Tim",694374,2026,70
"Thomas, Rhylan",689041,2025,10
"Fermín, José",665877,2023,61
"Kurtz, Nick",701762,2026,273
"De La Cruz, Elly",682829,2026,257
"Arraez, Luis",650333,2024,672
"Estrada, Thairo",642731,2023,530
"Hedges, Austin",595978,2026,90
"Montgomery, Colson",695657,2025,284
"Cabbage, Trey",663550,2024,91
"Fermín, José",665877,2024,79
"Hicks, Liam",689414,2025,390
"Diaz, Yainer",673237,2026,106
"Refsnyder, Rob",608701,2025,209
"Anthony, Roman",701350,2025,303
"Smith, Pavin",656976,2026,15
"McLain, Matt",680574,2026,231
"Springer, George",543807,2026,179
"Rivera, Emmanuel",656896,2023,283
"Hays, Austin",669720,2024,255
"Belt, Brandon",474832,2023,404
"Candelario, Jeimer",600869,2026,20
"Rios, Edwin",621458,2024,10
"Monasterio, Andruw",655316,2026,98
"Ramos, Bryan",682868,2025,12
"Meneses, Joey",608841,2024,313
"Wagner, Will",695238,2024,86
"Bichette, Bo",666182,2023,601
"Gilbert, Drew",687551,2025,109
"Wilson, Will",669717,2025,91
"Mercado, Óscar",640458,2023,32
"Olivares, Edward",658668,2024,196
"Mead, Curtis",678554,2026,168
"McKenna, Ryan",663630,2024,15
"Amaya, Jacob",676070,2025,73
"Fermín, José",665877,2025,70
"Fitzgerald, Tyler",666149,2024,341
"Gorman, Nolan",669357,2026,217
"Ibáñez, Andy",628451,2025,193
"Canzone, Dominic",686527,2024,188
"Harris II, Michael",671739,2023,539
"Espinal, Santiago",669289,2024,391
"Peters, Tristan",671976,2025,12
"Hilliard, Sam",656541,2025,61
"Turner, Trea",607208,2024,539
"Sogard, Nick",686765,2026,41
"Kavadas, Niko",694359,2024,106
"Westburg, Jordan",676059,2025,352
"Barger, Addison",680718,2025,502
"Wood, James",695578,2024,336
"Ramírez, José",608070,2025,673
"Kemp, Tony",643393,2023,419
"Raley, Luke",670042,2026,177
"Castro, Willi",650489,2024,635
"Mack, Joe",691788,2026,80
"Grisham, Trent",663757,2026,232
"Lukes, Nathan",664770,2024,91
"Holliday, Jackson",702616,2024,208
"Caballero, José",676609,2025,370
"Henderson, Gunnar",683002,2024,719
"Palacios, Richie",680700,2026,140
"Suwinski, Jack",669261,2024,277
"Peralta, David",444482,2024,260
"Martínez, Angel",682657,2024,169
"Vázquez, Christian",543877,2024,315
"Candelario, Jeimer",600869,2023,576
"Williams, Carson",700246,2026,33
"Mesa Jr., Victor",683748,2026,29
"Donovan, Brendan",680977,2024,652
"Jung, Josh",673962,2024,188
"Jones, Nolan",666134,2025,403
"Langeliers, Shea",669127,2025,523
"Fermín, José",665877,2026,83
"Seager, Corey",608369,2023,536
"Lowe, Nathaniel",663993,2026,148
"Caglianone, Jac",695506,2026,209
"Schanuel, Nolan",694384,2024,607
"Johnson, Bryce",669369,2026,37
"Winn, Masyn",691026,2024,637
"Hicks, Aaron",543305,2023,312
"Torkelson, Spencer",679529,2026,240
"Conforto, Michael",624424,2023,470
"Azócar, José",640492,2026,16
"Díaz, Yandy",650490,2026,244
"Beavers, Dylan",687637,2025,137
"Smith, Pavin",656976,2025,288
"Rocchio, Brayan",677587,2024,442
"Steer, Spencer",668715,2023,665
"Garcia, Maikel",672580,2025,666
"Lowe, Brandon",664040,2025,553
"Cortes, Carlos",666126,2025,99
"Wisely, Brett",689172,2025,63
"Mastrobuoni, Miles",670156,2025,175
"Wade, Tyler",642180,2023,55
"McCarthy, Jake",664983,2025,222
"Ohtani, Shohei",660271,2023,599
"Smith, Kevin",675656,2023,146
"Rafaela, Ceddanne",678882,2023,89
"Trout, Mike",545361,2026,280
"Fraley, Jake",641584,2025,217
"Benintendi, Andrew",643217,2024,522
"Benson, Will",666181,2024,388
"Thomas, Colby",687515,2026,47
"Wetherholt, JJ",802139,2026,266
"Alfaro, Jorge",595751,2025,39
"Reetz, Jakson",656883,2024,15
"Edman, Tommy",669242,2023,528
"Jansen, Danny",643376,2025,337
"Trevino, Jose",624431,2023,168
"d'Arnaud, Travis",518595,2026,40
"Gallagher, Cam",595956,2023,149
"Walker, Christian",572233,2024,552
"Polanco, Jorge",593871,2023,343
"Pereira, Everson",677592,2025,73
"Stanton, Giancarlo",519317,2025,281
"Benintendi, Andrew",643217,2023,621
"Henderson, Gunnar",683002,2025,651
"Fletcher, Dominic",666150,2025,34
"Palacios, Richie",680700,2025,48
"Meyers, Jake",676694,2023,341
"Barnhart, Tucker",571466,2023,123
"McCann, James",543510,2025,137
"Soler, Jorge",624585,2023,580
"Trejo, Alan",676701,2023,227
"Dezenzo, Zach",701305,2025,109
"Villar, David",681584,2025,25
"Taveras, Leody",665750,2024,529
"Rice, Ben",700250,2024,178
"Drury, Brandon",592273,2023,523
"Rodríguez, Julio",677594,2025,710
"Peraza, Oswald",672724,2024,11
"Story, Trevor",596115,2025,654
"Duran, Ezequiel",677649,2026,192
"McCusker, Carson",676812,2025,30
"Jones, Jahmai",663330,2025,150
"Ornelas, Tirso",672359,2025,16
"Morel, Christopher",666624,2025,305
"Pozo, Yohel",650968,2025,168
"Hamilton, David",666152,2023,39
"Clarke, Denzel",672016,2026,60
"Kim, Hyeseong",808975,2025,170
"Sheets, Gavin",657757,2026,193
"Jankowski, Travis",608671,2024,207
"Pauley, Graham",688363,2026,91
"Naylor, Josh",647304,2026,251
"Valera, George",671655,2025,48
"Guerrero Jr., Vladimir",665489,2024,697
"Straw, Myles",664702,2023,518
"Gasper, Mickey",681508,2026,65